length,frequency,amplitude,offset,n_cycles,area,time_offset,voltage_channel,show_plots,save_plots,auto_timeshift,v_div,save_dir,awg,osc,timestamp,processed
1e-06,1000000.0,0.5,0.0,2,7.85e-11,0,1,True,True,False,1,scratch,Virtual AWG,Virtual Oscilloscope,1768479279.0158763,True

time (s),voltage (V),current (A),polarization (uC/cm^2),applied voltage (V)
0.0,-0.0099806073223929,-4.3884374741976276e-10,0.0,0.0
1.0010010010010011e-09,-0.0099806073223929,-4.3884374741976276e-10,-5.595962171340294e-07,0.004
2.0020020020020022e-09,-0.0099806073223929,-4.3884374741976276e-10,-1.1191924342680587e-06,0.008
3.003003003003003e-09,-0.0099806073223929,-4.3884374741976276e-10,-1.6787886514020877e-06,0.012
4.0040040040040044e-09,-0.0099806073223929,-4.3884374741976276e-10,-2.2383848685361174e-06,0.016
5.005005005005004e-09,-0.0099806073223929,-4.3884374741976276e-10,-2.7979810856701462e-06,0.02
6.006006006006006e-09,-0.0099806073223929,-4.3884374741976276e-10,-3.357577302804176e-06,0.024
7.0070070070070065e-09,-0.0099806073223929,-4.3884374741976276e-10,-3.917173519938205e-06,0.028
8.008008008008007e-09,-0.0099806073223929,-4.3884374741976276e-10,-4.476769737072234e-06,0.032
9.009009009009009e-09,-0.0099806073223929,-4.3884374741976276e-10,-5.036365954206263e-06,0.036000000000000004
1.0010010010010009e-08,-0.0099806073223929,-4.3884374741976276e-10,-5.595962171340292e-06,0.04
1.1011011011011012e-08,-0.009980597570309,-2.438020694345549e-10,-6.031203665608011e-06,0.044
1.2012012012012012e-08,-0.0099805878182257,-4.8760403429781024e-11,-6.217735721781596e-06,0.048
1.3013013013013011e-08,-0.0099805780661436,1.4628123858701977e-10,-6.155558362793794e-06,0.052000000000000005
1.4014014014014013e-08,-0.0099805683140602,3.413229065704626e-10,-5.844671587383044e-06,0.056
1.5015015015015013e-08,-0.0099805585619765,5.363645805712275e-10,-5.285075375157003e-06,0.06
1.6016016016016014e-08,-0.0099805488098938,7.314062345684623e-10,-4.476769735033e-06,0.064
1.7017017017017016e-08,-0.00998053905781,9.264479105750012e-10,-3.419754665732193e-06,0.068
1.8018018018018017e-08,-0.0099805293057259,1.1214895925717571e-09,-2.114030149402641e-06,0.07200000000000001
1.9019019019019016e-08,-0.009980519553644,1.3165312305499048e-09,-5.595962102905e-07,0.076
2.0020020020020017e-08,-0.00998050980156,1.5115729105950968e-09,1.2435471503599612e-06,0.08
2.1021021021021022e-08,-0.0099805000494754,1.7066146025936178e-09,3.295399966991068e-06,0.084
2.2022022022022023e-08,-0.0099804902973933,1.9016562445562084e-09,5.595962215322092e-06,0.088
2.3023023023023025e-08,-0.0099804805453102,2.0966979065765393e-09,8.145233876239538e-06,0.092
2.4024024024024023e-08,-0.0099804707932257,2.2917395965692863e-09,1.0943214980366476e-05,0.096
2.502502502502502e-08,-0.009980461041143,2.486781250566521e-09,1.3989905522587546e-05,0.1
2.6026026026026023e-08,-0.0099804512890592,2.68182292657306e-09,1.728530549398543e-05,0.10400000000000001
2.7027027027027024e-08,-0.0099804415369747,2.876864616565807e-09,2.0829414917510147e-05,0.108
2.8028028028028026e-08,-0.0099804317848919,3.0719062725688157e-09,2.4622233780407836e-05,0.112
2.9029029029029028e-08,-0.009980422032808,3.2669479505540236e-09,2.8663762075022732e-05,0.116
3.0030030030030026e-08,-0.0099804122807239,3.4619896325778846e-09,3.29539998179452e-05,0.12
3.1031031031031034e-08,-0.0099804025286421,3.6570312685773633e-09,3.749294698240603e-05,0.124
3.2032032032032035e-08,-0.0099803927765586,3.85207293856658e-09,4.2280603560732096e-05,0.128
3.303303303303303e-08,-0.0099803830244733,4.047114644551309e-09,4.73169695975446e-05,0.132
3.403403403403403e-08,-0.00998037327239,4.242156310556083e-09,5.260204509030322e-05,0.136
3.503503503503503e-08,-0.0099803635203067,4.437197976587962e-09,5.813583001353476e-05,0.14
3.603603603603604e-08,-0.0099803537682229,4.632239652594501e-09,6.39183243736162e-05,0.14400000000000002
3.703703703703704e-08,-0.0099803440161395,4.827281320577944e-09,6.994952817179173e-05,0.148
3.803803803803803e-08,-0.0099803342640551,5.022323008592022e-09,7.622944141571708e-05,0.152
3.903903903903903e-08,-0.0099803245119708,5.2173646945732205e-09,8.275806411686744e-05,0.156
4.0040040040040034e-08,-0.009980314759888,5.412406350576229e-09,8.953539625483308e-05,0.16
4.104104104104104e-08,-0.0099803050078047,5.607448016581003e-09,9.656143781687749e-05,0.164
4.2042042042042044e-08,-0.0099802952557203,5.802489704595081e-09,0.0001038361888234102,0.168
4.3043043043043045e-08,-0.009980285503636,5.99753139057628e-09,0.00011135964928716782,0.17200000000000001
4.404404404404405e-08,-0.009980275751552,6.192573070567262e-09,0.00011913181920303499,0.176
4.504504504504504e-08,-0.0099802659994682,6.387614746573801e-09,0.000127152698564652,0.18
4.6046046046046043e-08,-0.0099802562473844,6.58265642258034e-09,0.0001354222873694786,0.184
4.704704704704705e-08,-0.0099802464953005,6.777698100565548e-09,0.00014394058561877627,0.188
4.8048048048048046e-08,-0.0099802367432167,6.9727397765720865e-09,0.0001527075933125449,0.192
4.904904904904904e-08,-0.0099802269911327,7.167781456563068e-09,0.00016172331045206345,0.196
5.005005005005004e-08,-0.0099802172390495,7.362823120562068e-09,0.0001709877370296762,0.2
5.105105105105104e-08,-0.0099802074869651,7.557864808576146e-09,0.00018050087305049837,0.20400000000000001
5.2052052052052046e-08,-0.0099801977348802,7.752906506564884e-09,0.00019026271853620137,0.20800000000000002
5.3053053053053054e-08,-0.0099801879827968,7.947948174575432e-09,0.00020027327347403118,0.212
5.4054054054054056e-08,-0.0099801782307124,8.142989862562405e-09,0.00021053253785761084,0.216
5.505505505505506e-08,-0.0099801684786281,8.338031548570709e-09,0.00022104051169841542,0.22
5.605605605605605e-08,-0.0099801587265437,8.533073236584787e-09,0.00023179719499646212,0.224
5.705705705705705e-08,-0.0099801489744598,8.728114914569995e-09,0.00024280258774663565,0.228
5.8058058058058055e-08,-0.009980139222376,8.923156590576534e-09,0.0002540566899412804,0.232
5.9059059059059057e-08,-0.0099801294702921,9.118198268588847e-09,0.0002655595015804134,0.23600000000000002
6.006006006006005e-08,-0.0099801197182083,9.313239944595385e-09,0.0002773110226640347,0.24
6.106106106106106e-08,-0.0099801099661233,9.508281644562792e-09,0.00028931125320614257,0.244
6.206206206206205e-08,-0.0099801002140395,9.703323320569331e-09,0.0003015601932067368,0.248
6.306306306306306e-08,-0.0099800904619545,9.898365020590948e-09,0.0003140578426658522,0.252
6.406406406406407e-08,-0.0099800807098697,1.0093406716573912e-08,0.00032680420159622527,0.256
6.506506506506505e-08,-0.0099800709577856,1.0288448398570668e-08,0.0003397992699863633,0.26
6.606606606606606e-08,-0.0099800612057024,1.0483490062569668e-08,0.0003530430478158746,0.264
6.706706706706707e-08,-0.0099800514536186,1.0678531738576207e-08,0.0003665355350809397,0.268
6.806806806806806e-08,-0.0099800417015336,1.0873573438570719e-08,0.00038027673180450835,0.272
6.906906906906907e-08,-0.0099800319494486,1.1068615138565231e-08,0.00039426663800187523,0.276
7.007007007007008e-08,-0.0099800221973647,1.1263656816550439e-08,0.0004085052536590074,0.28
7.107107107107106e-08,-0.009980012445281,1.1458698490578309e-08,0.00042299257875934873,0.28400000000000003
7.207207207207207e-08,-0.0099800026931954,1.1653740202553255e-08,0.0004377286133245711,0.28800000000000003
7.307307307307306e-08,-0.0099799929411105,1.1848781900569098e-08,0.00045271335736996824,0.292
7.407407407407407e-08,-0.0099799831890266,1.204382357858141e-08,0.0004679468108738866,0.296
7.507507507507508e-08,-0.0099799734369423,1.2238865264589715e-08,0.00048342897382867026,0.3
7.607607607607606e-08,-0.0099799636848573,1.2433906964557121e-08,0.0004991598462483169,0.304
7.707707707707707e-08,-0.0099799539327733,1.2628948644575208e-08,0.0005151394281290081,0.308
7.807807807807808e-08,-0.009979944180689,1.2823990330583512e-08,0.0005313677194618434,0.312
7.907907907907907e-08,-0.0099799344286036,1.3019032038574015e-08,0.0005478447202646573,0.316
8.008008008008008e-08,-0.0099799246765191,1.3214073728566762e-08,0.0005645704305399905,0.32
8.108108108108109e-08,-0.0099799149244346,1.3409115418586614e-08,0.0005815448502763852,0.324
8.208208208208207e-08,-0.0099799051723498,1.3604157114569578e-08,0.0005987679794776602,0.328
8.308308308308309e-08,-0.0099798954202654,1.3799198802583656e-08,0.0006162398181425376,0.332
8.408408408408407e-08,-0.009979885668181,1.3994240490597734e-08,0.0006339603662659355,0.336
8.508508508508508e-08,-0.0099798759160959,1.4189282192570915e-08,0.0006519296238567549,0.34
8.608608608608609e-08,-0.0099798661640117,1.4384323876573445e-08,0.0006701475909124376,0.34400000000000003
8.708708708708707e-08,-0.0099798564119272,1.4579365566593297e-08,0.0006886142674253622,0.34800000000000003
8.80880880880881e-08,-0.0099798466598422,1.4774407266560704e-08,0.0007073296534057085,0.352
8.908908908908909e-08,-0.0099798369077572,1.496944896658232e-08,0.0007262937488598523,0.356
9.009009009009008e-08,-0.0099798271556723,1.516449066457106e-08,0.0007455065537865326,0.36
9.109109109109109e-08,-0.0099798174035874,1.5359532362586902e-08,0.0007649680681844709,0.364
9.209209209209209e-08,-0.0099798076515018,1.5554574074561848e-08,0.0007846782920625837,0.368
9.309309309309308e-08,-0.0099797978994169,1.5749615772550586e-08,0.0008046372254208542,0.372
9.409409409409409e-08,-0.009979788147333,1.59446574505629e-08,0.0008248448682376287,0.376
9.509509509509508e-08,-0.0099797783952493,1.6139699124563664e-08,0.0008453012204976125,0.38
9.609609609609609e-08,-0.0099797686431636,1.633474083857149e-08,0.0008660062822237561,0.384
9.709709709709709e-08,-0.0099797588910777,1.6529782556590862e-08,0.0008869600534441243,0.388
9.809809809809808e-08,-0.0099797491389928,1.67248242545796e-08,0.0009081625341485041,0.392
9.909909909909909e-08,-0.0099797393869076,1.691986595858566e-08,0.0009296137243279609,0.396
1.0010010010010009e-07,-0.0099797296348226,1.7114907658553067e-08,0.0009513136239837559,0.4
1.011011011011011e-07,-0.0099797198827378,1.730994935459024e-08,0.0009732622331108088,0.404
1.0210210210210209e-07,-0.0099797101306529,1.750499105257898e-08,0.0009954595517078573,0.40800000000000003
1.031031031031031e-07,-0.0099797003785678,1.7700032754579265e-08,0.0010179055797787044,0.41200000000000003
1.0410410410410409e-07,-0.0099796906264834,1.7895074442593343e-08,0.0010406003173169893,0.41600000000000004
1.051051051051051e-07,-0.009979680874398,1.8090116150583846e-08,0.0010635437643265323,0.42
1.061061061061061e-07,-0.009979671122313,1.8285157850551252e-08,0.0010867359208149537,0.424
1.0710710710710709e-07,-0.009979661370228,1.848019955057287e-08,0.0011101767867771732,0.428
1.081081081081081e-07,-0.009979651618142,1.867524127057091e-08,0.0011338663622259622,0.432
1.0910910910910909e-07,-0.0099796418660576,1.887028295858499e-08,0.0011578046471536641,0.436
1.101101101101101e-07,-0.009979632113972,1.9065324670559936e-08,0.0011819916415551645,0.44
1.111111111111111e-07,-0.0099796223618865,1.9260366380556213e-08,0.001206427345444478,0.444
1.121121121121121e-07,-0.0099796126098016,1.9455408078572056e-08,0.0012311117588127052,0.448
1.131131131131131e-07,-0.0099796028577166,1.9650449778566568e-08,0.0012560448816534685,0.452
1.1411411411411413e-07,-0.0099795931056311,1.984549148858995e-08,0.001281226713974425,0.456
1.151151151151151e-07,-0.0099795833535457,2.0040533196580453e-08,0.0013066572557806702,0.46
1.1611611611611612e-07,-0.0099795736014601,2.02355749085554e-08,0.0013323365070734513,0.464
1.171171171171171e-07,-0.0099795638493752,2.0430616606544136e-08,0.001358264467846389,0.468
1.181181181181181e-07,-0.0099795540972902,2.0625658306565754e-08,0.0013844411380918636,0.47200000000000003
1.1911911911911913e-07,-0.0099795443452035,2.082070004057711e-08,0.001410866517832843,0.47600000000000003
1.201201201201201e-07,-0.009979534593118,2.101574175060049e-08,0.0014375406070757013,0.48
1.211211211211211e-07,-0.009979524841033,2.1210783450567898e-08,0.0014644634057987356,0.484
1.2212212212212212e-07,-0.0099795150889488,2.1405825134597533e-08,0.0014916349139853717,0.488
1.231231231231231e-07,-0.0099795053368626,2.1600866858580018e-08,0.0015190551316509205,0.492
1.241241241241241e-07,-0.0099794955847764,2.1795908582562503e-08,0.0015467240588208566,0.496
1.2512512512512514e-07,-9.930870735628094,-0.1984178030049578,-126.5057128980192,0.5
1.2612612612612613e-07,-9.930879170819315,-0.1984179717087822,-379.52036749767126,0.496
1.271271271271271e-07,-0.0099963659695696,-3.1561178728142466e-07,-506.02794980645496,0.492
1.2812812812812814e-07,-0.0099963757258296,-3.158069124814121e-07,-506.0283523865508,0.488
1.2912912912912912e-07,-0.0099963854820883,-3.1600203765543293e-07,-506.0287552154626,0.484
1.301301301301301e-07,-0.009996395238353,-3.161971629494478e-07,-506.0291582931904,0.48
1.311311311311311e-07,-0.0099964049946129,-3.163922881474295e-07,-506.0295616197342,0.476
1.3213213213213212e-07,-0.009996414750874,-3.1658741336942626e-07,-506.02996519509395,0.472
1.3313313313313313e-07,-0.0099964245071303,-3.167825384954169e-07,-506.03036901926964,0.46799999999999997
1.341341341341341e-07,-0.0099964342633974,-3.1697766383743486e-07,-506.0307730922613,0.46399999999999997
1.3513513513513512e-07,-0.0099964440196549,-3.171727889874135e-07,-506.031177414069,0.46
1.3613613613613613e-07,-0.0099964537759149,-3.1736791418745516e-07,-506.0315819846926,0.456
1.3713713713713716e-07,-0.0099964635321772,-3.175630394334399e-07,-506.03198680413215,0.452
1.3813813813813814e-07,-0.0099964732884407,-3.177581647034397e-07,-506.03239187238773,0.448
1.3913913913913913e-07,-0.0099964830447006,-3.179532899014214e-07,-506.03279718945936,0.444
1.4014014014014013e-07,-0.0099964928009581,-3.181484150514271e-07,-506.03320275534685,0.44
1.4114114114114114e-07,-0.0099965025572204,-3.1834354029741186e-07,-506.0336085700503,0.436
1.4214214214214212e-07,-0.0099965123134827,-3.185386655434508e-07,-506.03401463356977,0.432
1.4314314314314313e-07,-0.0099965220697438,-3.1873379076542046e-07,-506.03442094590525,0.428
1.4414414414414414e-07,-0.0099965318260037,-3.1892891596345635e-07,-506.03482750705666,0.424
1.4514514514514512e-07,-0.009996541582266,-3.191240412094411e-07,-506.03523431702405,0.42
1.4614614614614613e-07,-0.009996551338526,-3.1931916640942854e-07,-506.0356413758074,0.416
1.4714714714714716e-07,-0.0099965610947871,-3.195142916314253e-07,-506.03604868340676,0.41200000000000003
1.4814814814814817e-07,-0.0099965708510458,-3.19709416805419e-07,-506.03645623982203,0.40800000000000003
1.4914914914914913e-07,-0.0099965806073093,-3.199045420754188e-07,-506.0368640450533,0.404
1.5015015015015016e-07,-0.009996590363568,-3.2009966724943963e-07,-506.0372720991005,0.4
1.5115115115115114e-07,-0.0099966001198279,-3.202947924474484e-07,-506.0376804019637,0.396
1.5215215215215212e-07,-0.0099966098760926,-3.204899177414091e-07,-506.0380889536429,0.392
1.5315315315315313e-07,-0.0099966196323514,-3.206850429174357e-07,-506.03849775413806,0.388
1.5415415415415414e-07,-0.0099966293886125,-3.2088016813943245e-07,-506.0389068034492,0.384
1.5515515515515518e-07,-0.0099966391448712,-3.2107529331342616e-07,-506.0393161015763,0.38
1.5615615615615613e-07,-0.0099966489011371,-3.21270418631429e-07,-506.0397256485194,0.376
1.5715715715715717e-07,-0.0099966586573958,-3.2146554380542273e-07,-506.04013544427846,0.372
1.5815815815815817e-07,-0.0099966684136557,-3.216606690034315e-07,-506.04054548885347,0.368
1.5915915915915918e-07,-0.0099966781699156,-3.218557942014403e-07,-506.04095578224445,0.364
1.6016016016016016e-07,-0.0099966879261803,-3.220509194954281e-07,-506.0413663244514,0.36
1.6116116116116117e-07,-0.009996697682439,-3.222460446694218e-07,-506.0417771154744,0.356
1.6216216216216218e-07,-0.0099967074387002,-3.2244116989342433e-07,-506.04218815531334,0.352
1.6316316316316316e-07,-0.0099967171949625,-3.2263629513943617e-07,-506.04259944396824,0.348
1.6416416416416414e-07,-0.00999672695122,-3.228314202894148e-07,-506.0430109814391,0.344
1.6516516516516518e-07,-0.0099967367074811,-3.2302654551143867e-07,-506.04342276772593,0.33999999999999997
1.6616616616616619e-07,-0.0099967464637422,-3.2322167073343543e-07,-506.0438348028287,0.33599999999999997
1.6716716716716714e-07,-0.0099967562200081,-3.234167960514112e-07,-506.04424708674753,0.33199999999999996
1.6816816816816818e-07,-0.0099967659762644,-3.2361192117742895e-07,-506.04465961948233,0.32799999999999996
1.6916916916916918e-07,-0.0099967757325243,-3.2380704637541063e-07,-506.045072401033,0.324
1.7017017017017017e-07,-0.0099967854887855,-3.2400217159941317e-07,-506.04548543139964,0.32
1.7117117117117117e-07,-0.009996795245049,-3.24197296869413e-07,-506.0458987105823,0.316
1.7217217217217218e-07,-0.0099968050013089,-3.2439242206742176e-07,-506.046312238581,0.312
1.7317317317317316e-07,-0.0099968147575688,-3.2458754726545766e-07,-506.04672601539556,0.308
1.7417417417417417e-07,-0.0099968245138311,-3.247826725114424e-07,-506.0471400410261,0.304
1.7517517517517518e-07,-0.009996834270091,-3.2497779770942407e-07,-506.04755431547267,0.3
1.761761761761762e-07,-0.0099968440263545,-3.251729229794239e-07,-506.04796883873524,0.296
1.7717717717717717e-07,-0.009996853782612,-3.253680481294296e-07,-506.04838361081374,0.292
1.7817817817817818e-07,-0.0099968635388743,-3.2556317337541435e-07,-506.0487986317082,0.28800000000000003
1.7917917917917919e-07,-0.0099968732951343,-3.257582985754289e-07,-506.0492139014187,0.28400000000000003
1.8018018018018017e-07,-0.0099968830513942,-3.259534237734106e-07,-506.04962941994506,0.28
1.811811811811812e-07,-0.0099968928076553,-3.2614854899543446e-07,-506.0500451872874,0.276
1.8218218218218218e-07,-0.00999690256392,-3.2634367428942225e-07,-506.0504612034458,0.272
1.8318318318318322e-07,-0.0099969123201763,-3.2653879941544e-07,-506.05087746842014,0.268
1.8418418418418417e-07,-0.009996922076435,-3.267339245894337e-07,-506.0512939822104,0.264
1.851851851851852e-07,-0.0099969318327033,-3.2692904995541253e-07,-506.05171074481666,0.26
1.8618618618618616e-07,-0.0099969415889632,-3.271241751534213e-07,-506.052127756239,0.256
1.8718718718718722e-07,-0.0099969513452196,-3.2731930028141775e-07,-506.0525450164772,0.252
1.8818818818818818e-07,-0.0099969611014807,-3.275144255034145e-07,-506.05296252553137,0.248
1.8918918918918921e-07,-0.0099969708577442,-3.277095507734143e-07,-506.0533802834015,0.244
1.9019019019019017e-07,-0.0099969806140065,-3.2790467601942616e-07,-506.0537982900877,0.24
1.911911911911912e-07,-0.0099969903702652,-3.2809980119341987e-07,-506.05421654558984,0.236
1.9219219219219219e-07,-0.0099970001265239,-3.282949263674136e-07,-506.0546350499079,0.23199999999999998
1.9319319319319322e-07,-0.0099970098827886,-3.2849005166142847e-07,-506.055053803042,0.22799999999999998
1.9419419419419418e-07,-0.0099970196390461,-3.286851768114342e-07,-506.055472804992,0.22399999999999998
1.951951951951952e-07,-0.0099970293953084,-3.2888030205741894e-07,-506.05589205575797,0.21999999999999997
1.9619619619619617e-07,-0.0099970391515719,-3.2907542732741875e-07,-506.05631155533996,0.21599999999999997
1.9719719719719723e-07,-0.0099970489078295,-3.2927055247943026e-07,-506.05673130373793,0.21199999999999997
1.9819819819819818e-07,-0.009997058664093,-3.294656777494572e-07,-506.05715130095183,0.20800000000000002
1.991991991991992e-07,-0.0099970684203505,-3.296608028994358e-07,-506.0575715469817,0.20400000000000001
2.0020020020020017e-07,-0.009997078176614,-3.298559281694356e-07,-506.05799204182756,0.2
2.012012012012012e-07,-0.0099970879328739,-3.300510533674173e-07,-506.0584127854894,0.196
2.022022022022022e-07,-0.009997097689135,-3.3024617858944116e-07,-506.0588337779672,0.192
2.0320320320320322e-07,-0.0099971074453961,-3.304413038114379e-07,-506.059255019261,0.188
2.0420420420420418e-07,-0.0099971172016549,-3.306364289874103e-07,-506.0596765093707,0.184
2.052052052052052e-07,-0.0099971269579172,-3.3083155423344925e-07,-506.0600982482964,0.18
2.062062062062062e-07,-0.0099971367141771,-3.3102667943143093e-07,-506.0605202360381,0.176
2.0720720720720723e-07,-0.0099971464704406,-3.3122180470143074e-07,-506.06094247259574,0.172
2.0820820820820818e-07,-0.0099971562266981,-3.3141692985140937e-07,-506.0613649579694,0.16799999999999998
2.092092092092092e-07,-0.0099971659829604,-3.316120550974212e-07,-506.06178769215893,0.16399999999999998
2.102102102102102e-07,-0.0099971757392203,-3.3180718029543e-07,-506.06221067516447,0.15999999999999998
2.112112112112112e-07,-0.0099971854954862,-3.3200230561340575e-07,-506.06263390698604,0.15599999999999997
2.122122122122122e-07,-0.0099971952517449,-3.3219743078742657e-07,-506.06305738762364,0.15199999999999997
2.132132132132132e-07,-0.0099972050080013,-3.32392555915423e-07,-506.0634811170771,0.14800000000000002
2.1421421421421418e-07,-0.009997214764266,-3.325876812094379e-07,-506.06390509534657,0.14400000000000002
2.152152152152152e-07,-0.0099972245205283,-3.327828064554226e-07,-506.06432932243206,0.14
2.162162162162162e-07,-0.009997234276787,-3.3297793162944344e-07,-506.06475379833347,0.136
2.172172172172172e-07,-0.0099972440330469,-3.331730568274251e-07,-506.06517852305086,0.132
2.1821821821821819e-07,-0.0099972537893092,-3.3336818207343696e-07,-506.06560349658423,0.128
2.192192192192192e-07,-0.0099972635455715,-3.335633073194488e-07,-506.0660287189336,0.124
2.202202202202202e-07,-0.0099972733018302,-3.337584324934425e-07,-506.0664541900989,0.12
2.212212212212212e-07,-0.0099972830580902,-3.3395355769342996e-07,-506.06687991008016,0.11599999999999999
2.222222222222222e-07,-0.0099972928143537,-3.341486829634298e-07,-506.0673058788774,0.11199999999999999
2.232232232232232e-07,-0.0099973025706124,-3.343438081374506e-07,-506.0677320964906,0.10799999999999998
2.242242242242242e-07,-0.0099973123268735,-3.3453893335942024e-07,-506.0681585629198,0.10399999999999998
2.252252252252252e-07,-0.0099973220831382,-3.3473405865343513e-07,-506.06858527816496,0.09999999999999998
2.262262262262262e-07,-0.0099973318393969,-3.3492918382740174e-07,-506.06901224222617,0.09599999999999997
2.272272272272272e-07,-0.0099973415956556,-3.3512430900142255e-07,-506.0694394551033,0.09199999999999997
2.2822822822822821e-07,-0.0099973513519191,-3.3531943427142236e-07,-506.06986691679634,0.08799999999999997
2.292292292292292e-07,-0.0099973611081814,-3.355145595174071e-07,-506.07029462730543,0.08399999999999996
2.302302302302302e-07,-0.009997370864439,-3.357096846694186e-07,-506.0707225866305,0.08000000000000002
2.312312312312312e-07,-0.0099973806207001,-3.3590480989144247e-07,-506.0711507947715,0.07600000000000001
2.3223223223223225e-07,-0.0099973903769564,-3.3609993501743313e-07,-506.0715792517284,0.07200000000000001
2.332332332332332e-07,-0.0099974001332247,-3.3629506038343904e-07,-506.0720079575013,0.068
2.342342342342342e-07,-0.0099974098894858,-3.364901856054358e-07,-506.07243691209027,0.064
2.3523523523523522e-07,-0.0099974196457421,-3.3668531073145357e-07,-506.0728661154952,0.06
2.362362362362362e-07,-0.0099974294020044,-3.368804359774383e-07,-506.073295567716,0.055999999999999994
2.372372372372372e-07,-0.0099974391582667,-3.3707556122345014e-07,-506.0737252687528,0.05199999999999999
2.3823823823823827e-07,-0.009997448914529,-3.3727068646943487e-07,-506.07415521860565,0.04799999999999999
2.392392392392392e-07,-0.0099974586707854,-3.374658115974313e-07,-506.0745854172744,0.043999999999999984
2.402402402402402e-07,-0.0099974684270489,-3.376609368674311e-07,-506.07501586475917,0.03999999999999998
2.4124124124124124e-07,-0.0099974781833124,-3.3785606213743093e-07,-506.07544656105995,0.035999999999999976
2.422422422422422e-07,-0.0099974879395723,-3.380511873354126e-07,-506.0758775061767,0.03199999999999997
2.432432432432432e-07,-0.0099974976958298,-3.3824631248541835e-07,-506.0763087001094,0.02799999999999997
2.4424424424424424e-07,-0.0099975074520909,-3.384414377074422e-07,-506.076740142858,0.023999999999999966
2.452452452452452e-07,-0.0099975172083532,-3.3863656295342695e-07,-506.0771718344226,0.020000000000000018
2.462462462462462e-07,-0.0099975269646143,-3.388316881754237e-07,-506.07760377480315,0.016000000000000014
2.4724724724724724e-07,-0.0099975367208743,-3.3902681337543827e-07,-506.0780359639997,0.01200000000000001
2.482482482482482e-07,-0.0099975464771354,-3.3922193859743503e-07,-506.0784684020122,0.008000000000000007
2.492492492492492e-07,-0.0099975562333977,-3.3941706384341976e-07,-506.0789010888407,0.0040000000000000036
2.502502502502503e-07,-0.0099975659896588,-3.396121890654165e-07,-506.0793340244852,0.0
2.512512512512512e-07,-0.0099975757459175,-3.3980731423941023e-07,-506.07976720894567,-0.004
2.5225225225225225e-07,-0.0099975855021786,-3.400024394614341e-07,-506.08020064222205,-0.008
2.532532532532533e-07,-0.0099975952584421,-3.401975647314339e-07,-506.0806343243145,-0.012
2.542542542542542e-07,-0.0099976050146997,-3.403926898834183e-07,-506.0810682552228,-0.016
2.5525525525525525e-07,-0.0099976147709608,-3.405878151054422e-07,-506.08150243494714,-0.02
2.562562562562563e-07,-0.0099976245272243,-3.40782940375442e-07,-506.08193686348744,-0.024
2.572572572572572e-07,-0.0099976342834842,-3.4097806557342367e-07,-506.0823715408437,-0.028
2.5825825825825825e-07,-0.0099976440397441,-3.4117319077143246e-07,-506.082806467016,-0.032
2.592592592592593e-07,-0.009997653796004,-3.4136831596941414e-07,-506.08324164200417,-0.036000000000000004
2.602602602602602e-07,-0.0099976635522663,-3.415634412154531e-07,-506.08367706580833,-0.04
2.6126126126126124e-07,-0.0099976733085286,-3.417585664614378e-07,-506.08411273842853,-0.044
2.622622622622622e-07,-0.0099976830647897,-3.419536916834346e-07,-506.0845486598647,-0.048
2.632632632632633e-07,-0.0099976928210484,-3.421488168574283e-07,-506.0849848301168,-0.052000000000000005
2.6426426426426424e-07,-0.0099977025773084,-3.4234394205741574e-07,-506.0854212491849,-0.056
2.652652652652652e-07,-0.0099977123335707,-3.425390673034276e-07,-506.08585791706895,-0.06
2.6626626626626626e-07,-0.009997722089833,-3.427341925494123e-07,-506.086294833769,-0.064
2.6726726726726724e-07,-0.0099977318460929,-3.429293177474211e-07,-506.086731999285,-0.068
2.682682682682682e-07,-0.009997741602354,-3.4312444296941786e-07,-506.087169413617,-0.07200000000000001
2.692692692692693e-07,-0.0099977513586127,-3.4331956814341157e-07,-506.0876070767649,-0.076
2.7027027027027024e-07,-0.0099977611148762,-3.435146934134114e-07,-506.0880449887288,-0.08
2.712712712712712e-07,-0.0099977708711361,-3.437098186114473e-07,-506.0884831495087,-0.084
2.7227227227227225e-07,-0.0099977806273973,-3.439049438354227e-07,-506.08892155910456,-0.088
2.732732732732733e-07,-0.0099977903836607,-3.4410006910341674e-07,-506.08936021751646,-0.092
2.742742742742743e-07,-0.0099978001399183,-3.4429519425542825e-07,-506.0897991247443,-0.096
2.7527527527527525e-07,-0.0099978098961806,-3.444903195014401e-07,-506.09023828078807,-0.1
2.762762762762763e-07,-0.0099978196524393,-3.446854446754338e-07,-506.09067768564785,-0.10400000000000001
2.772772772772773e-07,-0.009997829408698,-3.448805698494275e-07,-506.0911173393235,-0.108
2.7827827827827825e-07,-0.0099978391649627,-3.450756951434153e-07,-506.09155724181517,-0.112
2.792792792792793e-07,-0.009997848921225,-3.4527082038942713e-07,-506.0919973931229,-0.116
2.802802802802803e-07,-0.0099978586774826,-3.4546594554141154e-07,-506.0924377932465,-0.12
2.8128128128128125e-07,-0.0099978684337461,-3.4566107081143846e-07,-506.09287844218613,-0.124
2.822822822822823e-07,-0.0099978781900072,-3.458561960334081e-07,-506.09331933994173,-0.128
2.832832832832833e-07,-0.0099978879462647,-3.4605132118344095e-07,-506.0937604865133,-0.132
2.8428428428428425e-07,-0.009997897702527,-3.462464464294528e-07,-506.0942018819008,-0.136
2.852852852852853e-07,-0.0099979074587893,-3.464415716754375e-07,-506.09464352610433,-0.14
2.8628628628628626e-07,-0.0099979172150492,-3.466366968734192e-07,-506.0950854191238,-0.14400000000000002
2.8728728728728724e-07,-0.0099979269713091,-3.46831822071428e-07,-506.0955275609592,-0.148
2.882882882882883e-07,-0.0099979367275714,-3.4702694731741273e-07,-506.09596995161064,-0.152
2.892892892892893e-07,-0.0099979464838326,-3.4722207254141526e-07,-506.09641259107804,-0.156
2.9029029029029024e-07,-0.0099979562400925,-3.4741719773942405e-07,-506.0968554793614,-0.16
2.912912912912913e-07,-0.0099979659963512,-3.4761232291344486e-07,-506.0972986164607,-0.164
2.9229229229229226e-07,-0.0099979757526171,-3.478074482314206e-07,-506.09774200237604,-0.168
2.9329329329329324e-07,-0.0099979855088794,-3.4800257347743246e-07,-506.0981856371074,-0.17200000000000001
2.942942942942943e-07,-0.0099979952651357,-3.481976986034502e-07,-506.0986295206547,-0.176
2.952952952952953e-07,-0.0099980050213968,-3.483928238254199e-07,-506.0990736530179,-0.18
2.962962962962963e-07,-0.0099980147776579,-3.4858794904741664e-07,-506.0995180341971,-0.184
2.972972972972973e-07,-0.009998024533919,-3.487830742694405e-07,-506.0999626641923,-0.188
2.9829829829829825e-07,-0.0099980342901802,-3.4897819949344304e-07,-506.1004075430034,-0.192
2.992992992992993e-07,-0.0099980440464389,-3.4917332466743675e-07,-506.1008526706305,-0.196
3.003003003003003e-07,-0.0099980538027036,-3.4936844996142453e-07,-506.1012980470736,-0.2
3.0130130130130125e-07,-0.0099980635589635,-3.495635751594333e-07,-506.1017436723327,-0.20400000000000001
3.023023023023023e-07,-0.0099980733152234,-3.49758700357415e-07,-506.10218954640777,-0.20800000000000002
3.033033033033033e-07,-0.0099980830714857,-3.4995382560345394e-07,-506.10263566929876,-0.212
3.0430430430430425e-07,-0.0099980928277444,-3.5014895077742055e-07,-506.10308204100573,-0.216
3.053053053053053e-07,-0.0099981025840055,-3.503440759994444e-07,-506.1035286615287,-0.22
3.063063063063063e-07,-0.009998112340269,-3.505392012694442e-07,-506.1039755308676,-0.224
3.073073073073073e-07,-0.0099981220965302,-3.5073432649344676e-07,-506.1044226490226,-0.228
3.083083083083083e-07,-0.0099981318527901,-3.5092945169142844e-07,-506.10487001599347,-0.232
3.093093093093093e-07,-0.0099981416090512,-3.511245769134252e-07,-506.10531763178034,-0.23600000000000002
3.103103103103103e-07,-0.0099981513653111,-3.513197021114069e-07,-506.1057654963832,-0.24
3.113113113113113e-07,-0.0099981611215722,-3.5151482733343075e-07,-506.10621360980196,-0.244
3.1231231231231226e-07,-0.0099981708778321,-3.5170995253141243e-07,-506.1066619720367,-0.248
3.133133133133133e-07,-0.0099981806340932,-3.519050777534363e-07,-506.10711058308743,-0.252
3.143143143143143e-07,-0.0099981903903555,-3.5210020299942103e-07,-506.10755944295414,-0.256
3.153153153153153e-07,-0.0099982001466155,-3.522953281994356e-07,-506.10800855163683,-0.26
3.163163163163163e-07,-0.009998209902873,-3.524904533494142e-07,-506.10845790913544,-0.264
3.173173173173173e-07,-0.0099982196591377,-3.526855786434291e-07,-506.10890751545,-0.268
3.183183183183183e-07,-0.0099982294153988,-3.528807038654259e-07,-506.10935737058065,-0.272
3.193193193193193e-07,-0.0099982391716611,-3.530758291114106e-07,-506.10980747452726,-0.276
3.203203203203203e-07,-0.0099982489279198,-3.532709542854314e-07,-506.11025782728984,-0.28
3.213213213213213e-07,-0.0099982586841797,-3.534660794834402e-07,-506.11070842886835,-0.28400000000000003
3.223223223223223e-07,-0.009998268440442,-3.5366120472942494e-07,-506.11115927926284,-0.28800000000000003
3.233233233233233e-07,-0.009998278196702,-3.538563299294124e-07,-506.1116103784733,-0.292
3.243243243243243e-07,-0.0099982879529631,-3.5405145515143626e-07,-506.11206172649975,-0.296
3.253253253253253e-07,-0.0099982977092254,-3.542465803974481e-07,-506.11251332334217,-0.3
3.263263263263263e-07,-0.0099983074654865,-3.5444170561941776e-07,-506.1129651690006,-0.304
3.273273273273273e-07,-0.0099983172217476,-3.546368308414416e-07,-506.11341726347496,-0.308
3.283283283283283e-07,-0.0099983269780075,-3.548319560394233e-07,-506.1138696067653,-0.312
3.293293293293293e-07,-0.0099983367342662,-3.55027081213417e-07,-506.1143221988716,-0.316
3.303303303303303e-07,-0.0099983464905297,-3.5522220648344393e-07,-506.11477503979387,-0.32
3.313313313313313e-07,-0.0099983562467908,-3.554173317054136e-07,-506.1152281295321,-0.324
3.323323323323323e-07,-0.0099983660030496,-3.556124568814402e-07,-506.11568146808634,-0.328
3.333333333333333e-07,-0.0099983757593107,-3.5580758210343694e-07,-506.1161350554565,-0.332
3.343343343343343e-07,-0.009998385515573,-3.5600270734942167e-07,-506.11658889164266,-0.336
3.353353353353353e-07,-0.0099983952718317,-3.561978325234154e-07,-506.11704297664477,-0.34
3.363363363363363e-07,-0.0099984050280928,-3.5639295774543924e-07,-506.11749731046285,-0.34400000000000003
3.373373373373373e-07,-0.0099984147843551,-3.565880829914511e-07,-506.1179518930969,-0.34800000000000003
3.383383383383383e-07,-0.0099984245406174,-3.567832082374358e-07,-506.11840672454696,-0.352
3.393393393393393e-07,-0.0099984342968797,-3.5697833348342055e-07,-506.11886180481304,-0.356
3.403403403403404e-07,-0.0099984440531349,-3.57173458587429e-07,-506.11931713389504,-0.36
3.413413413413413e-07,-0.0099984538093996,-3.573685838814439e-07,-506.11977271179296,-0.364
3.423423423423423e-07,-0.0099984635656619,-3.5756370912742863e-07,-506.1202285385069,-0.368
3.4334334334334333e-07,-0.0099984733219194,-3.5775883427743437e-07,-506.12068461403686,-0.372
3.443443443443443e-07,-0.0099984830781817,-3.579539595234191e-07,-506.1211409383827,-0.376
3.453453453453453e-07,-0.0099984928344464,-3.58149084817434e-07,-506.1215975115446,-0.38
3.463463463463464e-07,-0.0099985025907039,-3.583442099674397e-07,-506.1220543335225,-0.384
3.473473473473473e-07,-0.0099985123469638,-3.585393351654485e-07,-506.1225114043163,-0.388
3.483483483483483e-07,-0.0099985221032261,-3.5873446041143325e-07,-506.1229687239261,-0.392
3.493493493493493e-07,-0.0099985318594837,-3.5892958556341765e-07,-506.12342629235184,-0.396
3.503503503503503e-07,-0.009998541615746,-3.591247108094566e-07,-506.1238841095935,-0.4
3.5135135135135134e-07,-0.0099985513720059,-3.5931983600741117e-07,-506.1243421756512,-0.404
3.523523523523523e-07,-0.0099985611282682,-3.59514961253423e-07,-506.1248004905248,-0.40800000000000003
3.533533533533533e-07,-0.0099985708845329,-3.597100865474379e-07,-506.1252590542145,-0.41200000000000003
3.543543543543544e-07,-0.0099985806407904,-3.5990521169741653e-07,-506.12571786672015,-0.41600000000000004
3.553553553553553e-07,-0.0099985903970551,-3.601003369914314e-07,-506.1261769280418,-0.42
3.563563563563563e-07,-0.0099986001533126,-3.6029546214143716e-07,-506.1266362381794,-0.424
3.5735735735735734e-07,-0.0099986099095726,-3.604905873414246e-07,-506.12709579713294,-0.428
3.583583583583583e-07,-0.0099986196658325,-3.606857125394334e-07,-506.1275556049024,-0.432
3.593593593593593e-07,-0.0099986294220972,-3.608808378334212e-07,-506.1280156614879,-0.436
3.6036036036036033e-07,-0.0099986391783571,-3.6107596303142997e-07,-506.12847596688937,-0.44
3.613613613613613e-07,-0.009998648934617,-3.6127108822943876e-07,-506.1289365211068,-0.444
3.623623623623624e-07,-0.0099986586908745,-3.614662133794445e-07,-506.1293973241402,-0.448
3.6336336336336333e-07,-0.0099986684471416,-3.6166133872143533e-07,-506.12985837598956,-0.452
3.643643643643643e-07,-0.0099986782034015,-3.61856463919417e-07,-506.13031967665495,-0.456
3.653653653653654e-07,-0.0099986879596614,-3.620515891174258e-07,-506.1307812261363,-0.46
3.6636636636636633e-07,-0.0099986977159214,-3.6224671431741326e-07,-506.1312430244336,-0.464
3.673673673673673e-07,-0.0099987074721837,-3.624418395634251e-07,-506.1317050715469,-0.468
3.6836836836836845e-07,-0.0099987172284412,-3.6263696471343083e-07,-506.13216736747614,-0.47200000000000003
3.6936936936936933e-07,-0.0099987269847035,-3.6283208995944267e-07,-506.1326299122213,-0.47600000000000003
3.703703703703703e-07,-0.0099987367409658,-3.630272152054274e-07,-506.1330927057825,-0.48
3.713713713713714e-07,-0.0099987464972257,-3.632223404034091e-07,-506.1335557481596,-0.484
3.7237237237237233e-07,-0.009998756253488,-3.6341746564944803e-07,-506.1340190393527,-0.488
3.733733733733734e-07,-0.0099987660097456,-3.6361259080140533e-07,-506.1344825793618,-0.492
3.7437437437437445e-07,-0.0099987757660102,-3.6380771609341445e-07,-506.1349463681869,-0.496
3.753753753753753e-07,9.910676318898483,0.19841313808557376,-379.63087906659683,-0.5
3.763763763763764e-07,9.910684754607896,0.19841330679976202,-126.62217298129491,-0.496
3.773773773773773e-07,-0.0099819043492813,-2.6379381515436416e-08,-0.11778297322591413,-0.492
3.783783783783783e-07,-0.0099818945971998,-2.6184339885427154e-08,-0.11781648681683045,-0.488
3.793793793793794e-07,-0.0099818848451171,-2.598929823142992e-08,-0.11784975169834691,-0.484
3.8038038038038034e-07,-0.0099818750930376,-2.5794256641427718e-08,-0.11788276787048903,-0.48
3.813813813813813e-07,-0.0099818653409582,-2.559921505343129e-08,-0.11791553533329888,-0.476
3.823823823823824e-07,-0.0099818555888772,-2.5404173433423794e-08,-0.11794805408675735,-0.472
3.833833833833834e-07,-0.009981845836797,-2.520913182940828e-08,-0.1179803241308542,-0.46799999999999997
3.843843843843844e-07,-0.0099818360847163,-2.501409021544521e-08,-0.1180123454655933,-0.46399999999999997
3.853853853853854e-07,-0.0099818263326354,-2.4819048597416382e-08,-0.11804411809096572,-0.46
3.8638638638638633e-07,-0.0099818165805543,-2.4624006975430216e-08,-0.11807564200696634,-0.456
3.8738738738738737e-07,-0.0099818068284729,-2.4428965347453833e-08,-0.1181069172135888,-0.452
3.8838838838838846e-07,-0.0099817970763921,-2.423392373143078e-08,-0.11813794371083694,-0.448
3.8938938938938933e-07,-0.0099817873243118,-2.4038882125436596e-08,-0.11816872149872475,-0.444
3.903903903903904e-07,-0.0099817775722321,-2.3843840531422847e-08,-0.11819925057726625,-0.44
3.913913913913914e-07,-0.0099817678201511,-2.3648798911442455e-08,-0.11822953094645255,-0.436
3.9239239239239233e-07,-0.0099817580680689,-2.345375726741988e-08,-0.11825956260625176,-0.432
3.933933933933934e-07,-0.009981748315988,-2.3258715649418157e-08,-0.11828934555666512,-0.428
3.9439439439439445e-07,-0.0099817385639081,-2.3063674051419965e-08,-0.118318879797722,-0.424
3.9539539539539533e-07,-0.0099817288118279,-2.2868632447431555e-08,-0.11834816532943132,-0.42
3.963963963963964e-07,-0.0099817190597465,-2.2673590819428067e-08,-0.11837720215177396,-0.416
3.973973973973973e-07,-0.0099817093076643,-2.2478549175432598e-08,-0.1184059902647244,-0.41200000000000003
3.983983983983984e-07,-0.0099816995555835,-2.2283507559409544e-08,-0.11843452966829028,-0.40800000000000003
3.993993993993994e-07,-0.0099816898035052,-2.208846599342242e-08,-0.11846282036252134,-0.404
4.0040040040040034e-07,-0.0099816800514237,-2.1893424363440264e-08,-0.11849086234740869,-0.4
4.014014014014014e-07,-0.0099816702993416,-2.1698382721423463e-08,-0.11851865562290384,-0.396
4.024024024024024e-07,-0.0099816605472607,-2.150334110342174e-08,-0.11854620018901443,-0.392
4.034034034034034e-07,-0.009981650795179,-2.130829946945514e-08,-0.1185734960457456,-0.388
4.044044044044044e-07,-0.0099816410430984,-2.111325785741653e-08,-0.11860054319310115,-0.384
4.054054054054054e-07,-0.0099816312910172,-2.091821623342459e-08,-0.11862734163108744,-0.38
4.0640640640640644e-07,-0.0099816215389361,-2.0723174611438425e-08,-0.11865389135969813,-0.376
4.0740740740740737e-07,-0.009981611786856,-2.0528133009428684e-08,-0.11868019237894722,-0.372
4.084084084084084e-07,-0.0099816020347741,-2.033309137142343e-08,-0.11870624468882453,-0.368
4.094094094094094e-07,-0.0099815922826926,-2.013804974141417e-08,-0.11873204828931218,-0.364
4.104104104104104e-07,-0.0099815825306114,-1.994300811742223e-08,-0.1187576031804191,-0.36
4.114114114114114e-07,-0.0099815727785304,-1.9747966497414733e-08,-0.11878290936215169,-0.356
4.124124124124124e-07,-0.0099815630264499,-1.9552924887436107e-08,-0.11880796683451887,-0.352
4.1341341341341337e-07,-0.009981553274368,-1.9357883249430854e-08,-0.11883277559750917,-0.348
4.1441441441441446e-07,-0.0099815435222864,-1.9162841617442923e-08,-0.11885733565110855,-0.344
4.154154154154154e-07,-0.0099815337702053,-1.8967799995429652e-08,-0.1188816469953272,-0.33999999999999997
4.164164164164164e-07,-0.009981524018124,-1.8772758369459044e-08,-0.11890570963016898,-0.33599999999999997
4.174174174174174e-07,-0.0099815142660427,-1.8577716743434225e-08,-0.11892952355563133,-0.33199999999999996
4.184184184184184e-07,-0.0099815045139633,-1.8382675155410692e-08,-0.11895308877173842,-0.32799999999999996
4.194194194194194e-07,-0.0099814947618819,-1.818763352743431e-08,-0.11897640527848902,-0.324
4.204204204204204e-07,-0.0099814850097987,-1.799259186343531e-08,-0.11899947307583468,-0.32
4.214214214214214e-07,-0.0099814752577173,-1.7797550235431822e-08,-0.1190222921637754,-0.316
4.224224224224224e-07,-0.0099814655056351,-1.7602508591436352e-08,-0.11904486254232392,-0.312
4.234234234234234e-07,-0.0099814557535539,-1.7407466967417308e-08,-0.1190671842114828,-0.308
4.244244244244244e-07,-0.0099814460014739,-1.7212425367440446e-08,-0.11908925717128008,-0.304
4.254254254254254e-07,-0.0099814362493924,-1.7017383737431184e-08,-0.11911108142171195,-0.3
4.264264264264264e-07,-0.0099814264973101,-1.6822342091402835e-08,-0.11913265696274906,-0.296
4.274274274274274e-07,-0.0099814167452287,-1.6627300463426453e-08,-0.1191539837943927,-0.292
4.284284284284284e-07,-0.0099814069931471,-1.6432258831411417e-08,-0.1191750619166518,-0.28800000000000003
4.294294294294294e-07,-0.0099813972410655,-1.623721719945059e-08,-0.11919589132952381,-0.28400000000000003
4.304304304304304e-07,-0.0099813874889844,-1.6042175577410216e-08,-0.11921647203301511,-0.28
4.314314314314314e-07,-0.0099813777369026,-1.5847133941410737e-08,-0.11923680402712311,-0.276
4.324324324324324e-07,-0.0099813679848198,-1.5652092285434833e-08,-0.11925688731182618,-0.272
4.3343343343343337e-07,-0.0099813582327386,-1.5457050661442893e-08,-0.11927672188713198,-0.268
4.344344344344344e-07,-0.0099813484806583,-1.526200905544871e-08,-0.11929630775307237,-0.264
4.354354354354354e-07,-0.0099813387285761,-1.5066967411426135e-08,-0.11931564490963459,-0.26
4.364364364364364e-07,-0.0099813289764952,-1.4871925793424412e-08,-0.11933473335681097,-0.256
4.374374374374374e-07,-0.0099813192244133,-1.467688415541916e-08,-0.11935357309460536,-0.252
4.384384384384384e-07,-0.0099813094723308,-1.4481842505433473e-08,-0.11937216412299735,-0.248
4.394394394394394e-07,-0.0099812997202491,-1.4286800871439768e-08,-0.11939050644198951,-0.244
4.404404404404404e-07,-0.0099812899681665,-1.4091759219421202e-08,-0.11940860005158054,-0.24
4.414414414414414e-07,-0.0099812802160859,-1.3896717607409697e-08,-0.11942644495178445,-0.236
4.424424424424424e-07,-0.0099812704640033,-1.3701675955418236e-08,-0.11944404114260128,-0.23199999999999998
4.434434434434434e-07,-0.0099812607119214,-1.3506634317440088e-08,-0.11946138862401445,-0.22799999999999998
4.444444444444444e-07,-0.0099812509598398,-1.3311592685425052e-08,-0.11947848739603671,-0.22399999999999998
4.454454454454454e-07,-0.0099812412077572,-1.3116551033433592e-08,-0.11949533745865912,-0.21999999999999997
4.464464464464464e-07,-0.0099812314556759,-1.2921509407435878e-08,-0.11951193881188552,-0.21599999999999997
4.474474474474474e-07,-0.0099812217035946,-1.2726467781411059e-08,-0.11952829145573245,-0.21199999999999997
4.484484484484484e-07,-0.0099812119515126,-1.2531426141427137e-08,-0.119544395390191,-0.20800000000000002
4.494494494494494e-07,-0.0099812021994304,-1.2336384497458773e-08,-0.11956025061524975,-0.20400000000000001
4.504504504504504e-07,-0.0099811924473485,-1.2141342859426415e-08,-0.11957585713090992,-0.2
4.514514514514514e-07,-0.0099811826952666,-1.1946301221421162e-08,-0.11959121493717532,-0.196
4.524524524524524e-07,-0.009981172943184,-1.1751259569429701e-08,-0.11960632403403706,-0.192
4.534534534534535e-07,-0.0099811631911018,-1.1556217925434232e-08,-0.11962118442149132,-0.188
4.544544544544544e-07,-0.0099811534390223,-1.136117633543203e-08,-0.1196357960995776,-0.184
4.554554554554554e-07,-0.0099811436869397,-1.1166134683413464e-08,-0.1196501590682908,-0.18
4.5645645645645643e-07,-0.0099811339348554,-1.097109299740516e-08,-0.11966427332756971,-0.176
4.574574574574574e-07,-0.0099811241827729,-1.0776051347446578e-08,-0.11967813887741564,-0.172
4.584584584584584e-07,-0.0099811144306919,-1.0581009727439082e-08,-0.11969175571787068,-0.16799999999999998
4.594594594594594e-07,-0.0099811046786099,-1.0385968087428055e-08,-0.11970512384894115,-0.16399999999999998
4.604604604604604e-07,-0.0099810949265265,-1.0190926419444612e-08,-0.11971824327059648,-0.15999999999999998
4.614614614614614e-07,-0.0099810851744446,-9.99588478143936e-09,-0.11973111398283795,-0.15599999999999997
4.624624624624624e-07,-0.0099810754223629,-9.800843147445655e-09,-0.11974373598568723,-0.15199999999999997
4.634634634634634e-07,-0.0099810656702816,-9.605801521420836e-09,-0.11975610927915195,-0.14800000000000002
4.644644644644645e-07,-0.0099810559181994,-9.410759877425366e-09,-0.11976823386322574,-0.14400000000000002
4.654654654654654e-07,-0.009981046166116,-9.215718209414818e-09,-0.11978010973788182,-0.14
4.664664664664664e-07,-0.0099810364140331,-9.02067655143314e-09,-0.11979173690311129,-0.136
4.674674674674674e-07,-0.0099810266619521,-8.825634931425644e-09,-0.11980311535894474,-0.132
4.684684684684684e-07,-0.0099810169098696,-8.630593281439957e-09,-0.11981424510538727,-0.128
4.694694694694694e-07,-0.0099810071577864,-8.435551617440957e-09,-0.11982512614241084,-0.124
4.7047047047047044e-07,-0.0099809974057051,-8.240509991416138e-09,-0.11983575847003072,-0.12
4.714714714714714e-07,-0.0099809876536229,-8.045468347447774e-09,-0.1198461420882597,-0.11599999999999999
4.724724724724724e-07,-0.0099809779015406,-7.850426701419425e-09,-0.119856276997085,-0.11199999999999999
4.734734734734735e-07,-0.0099809681494569,-7.65538502741866e-09,-0.11986616319648748,-0.10799999999999998
4.744744744744744e-07,-0.0099809583973744,-7.460343377432973e-09,-0.11987580068646463,-0.10399999999999998
4.754754754754755e-07,-0.0099809486452928,-7.2653017454179375e-09,-0.1198851894670432,-0.09999999999999998
4.7647647647647643e-07,-0.0099809388932099,-7.07026008743626e-09,-0.1198943295382181,-0.09599999999999997
4.774774774774775e-07,-0.0099809291411271,-6.875218431433251e-09,-0.11990322089997404,-0.09199999999999997
4.784784784784784e-07,-0.0099809193890449,-6.680176787437781e-09,-0.11991186355231993,-0.08799999999999997
4.794794794794794e-07,-0.009980909636963,-6.485135149405423e-09,-0.11992025749526723,-0.08399999999999996
4.804804804804804e-07,-0.0099808998848801,-6.2900934914237455e-09,-0.11992840272880703,-0.08000000000000002
4.814814814814814e-07,-0.0099808901327964,-6.095051817422981e-09,-0.11993629925291639,-0.07600000000000001
4.824824824824825e-07,-0.0099808803807142,-5.900010173454616e-09,-0.11994394706760425,-0.07200000000000001
4.834834834834835e-07,-0.0099808706286317,-5.704968523414719e-09,-0.11995134617288589,-0.068
4.844844844844844e-07,-0.0099808608765491,-5.509926871423258e-09,-0.11995849656875618,-0.064
4.854854854854854e-07,-0.0099808511244669,-5.3148852274277885e-09,-0.11996539825521899,-0.06
4.864864864864864e-07,-0.0099808413723847,-5.119843583432319e-09,-0.1199720512322794,-0.055999999999999994
4.874874874874874e-07,-0.0099808316203007,-4.924801903441337e-09,-0.11997845549991447,-0.05199999999999999
4.884884884884885e-07,-0.0099808218682169,-4.729760227434798e-09,-0.11998461105810379,-0.04799999999999999
4.894894894894895e-07,-0.0099808121161356,-4.534718601437084e-09,-0.11999051790688178,-0.043999999999999984
4.904904904904904e-07,-0.0099808023640534,-4.3396769574416145e-09,-0.11999617604626886,-0.03999999999999998
4.914914914914914e-07,-0.0099807926119712,-4.14463531341904e-09,-0.12000158547625353,-0.035999999999999976
4.924924924924924e-07,-0.0099807828598877,-3.949593643429823e-09,-0.12000674619681923,-0.03199999999999997
4.934934934934935e-07,-0.009980773107804,-3.754551969429058e-09,-0.12001165820794682,-0.02799999999999997
4.944944944944945e-07,-0.0099807633557209,-3.559510307435832e-09,-0.12001632150964142,-0.023999999999999966
4.954954954954955e-07,-0.0099807536036384,-3.3644686574230403e-09,-0.12002073610191832,-0.020000000000000018
4.964964964964964e-07,-0.0099807438515561,-3.1694270114217965e-09,-0.12002490198478771,-0.016000000000000014
4.974974974974974e-07,-0.0099807340994721,-2.9743853314308146e-09,-0.1200288191582305,-0.01200000000000001
4.984984984984984e-07,-0.0099807243473899,-2.779343687435345e-09,-0.12003248762224793,-0.008000000000000007
4.994994994994995e-07,-0.0099807145953074,-2.584302037449658e-09,-0.12003590737685915,-0.0040000000000000036
5.005005005005005e-07,-0.0099807048432236,-2.389260361443119e-09,-0.12003907842204375,0.0
5.015015015015014e-07,-0.0099806950911405,-2.1942186994227883e-09,-0.12004200075779407,0.004
5.025025025025024e-07,-0.009980685339058,-1.9991770494371015e-09,-0.12004467438412669,0.008
5.035035035035034e-07,-0.0099806755869746,-1.8041353814265536e-09,-0.12004709930103778,0.012
5.045045045045045e-07,-0.0099806658348915,-1.6090937194062228e-09,-0.12004927550851968,0.016
5.055055055055055e-07,-0.0099806560828083,-1.414052055407223e-09,-0.12005120300657494,0.02
5.065065065065065e-07,-0.0099806463307258,-1.2190104054215362e-09,-0.12005288179521124,0.024
5.075075075075074e-07,-0.0099806365786424,-1.0239687374380933e-09,-0.12005431187442604,0.028
5.085085085085084e-07,-0.009980626826559,-8.289270694275454e-10,-0.12005549324420783,0.032
5.095095095095094e-07,-0.0099806170744764,-6.338854174360847e-10,-0.12005642590456683,0.036000000000000004
5.105105105105105e-07,-0.0099806073223924,-4.388437374179977e-10,-0.12005710985549538,0.04
5.115115115115115e-07,-0.0099805975703093,-2.4380207545187695e-10,-0.1200575450969871,0.044
5.125125125125125e-07,-0.0099805878182262,-4.8760413431546065e-11,-0.12005773162905349,0.048
5.135135135135134e-07,-0.0099805780661433,1.4628124457723678e-10,-0.12005766945169706,0.052000000000000005
5.145145145145144e-07,-0.0099805683140596,3.4132291857800166e-10,-0.12005735856491018,0.056
5.155155155155155e-07,-0.0099805585619756,5.363645985689836e-10,-0.12005679896867882,0.06
5.165165165165165e-07,-0.0099805488098937,7.314062365742363e-10,-0.12005599066302594,0.064
5.175175175175175e-07,-0.0099805390578097,9.264479165652182e-10,-0.12005493364795154,0.068
5.185185185185185e-07,-0.0099805293057262,1.1214895865815401e-09,-0.12005362792343521,0.07200000000000001
5.195195195195194e-07,-0.0099805195536446,1.3165312185423658e-09,-0.12005207348950758,0.076
5.205205205205204e-07,-0.0099805098015606,1.5115728985875578e-09,-0.12005027034616224,0.08
5.215215215215215e-07,-0.0099805000494757,1.7066145965762957e-09,-0.1200482184933571,0.084
5.225225225225225e-07,-0.0099804902973929,1.9016562525793045e-09,-0.1200459179311075,0.088
5.235235235235235e-07,-0.0099804805453094,2.0966979225685214e-09,-0.12004336865943127,0.092
5.245245245245245e-07,-0.0099804707932263,2.291739584561747e-09,-0.1200405706783246,0.096
5.255255255255254e-07,-0.0099804610411429,2.486781252572295e-09,-0.12003752398778876,0.1
5.265265265265265e-07,-0.0099804512890583,2.681822944570816e-09,-0.1200342285878046,0.10400000000000001
5.275275275275275e-07,-0.009980441536974,2.87686463057912e-09,-0.12003068447836067,0.108
5.285285285285285e-07,-0.0099804317848926,3.0719062585555026e-09,-0.12002689165949777,0.112
5.295295295295295e-07,-0.0099804220328092,3.2669479265660505e-09,-0.12002285013122739,0.116
5.305305305305304e-07,-0.0099804122807243,3.4619896245547885e-09,-0.12001855989350488,0.12
5.315315315315314e-07,-0.0099804025286421,3.6570312685773633e-09,-0.12001402094634553,0.124
5.325325325325325e-07,-0.0099803927765584,3.852072942551023e-09,-0.12000923328976466,0.128
5.335335335335335e-07,-0.009980383024474,4.047114630565101e-09,-0.12000419692373422,0.132
5.345345345345345e-07,-0.00998037327239,4.242156310556083e-09,-0.11999891184825039,0.136
5.355355355355355e-07,-0.0099803635203063,4.437197984556848e-09,-0.11999337806332207,0.14
5.365365365365364e-07,-0.0099803537682226,4.632239658584718e-09,-0.11998759556895308,0.14400000000000002
5.375375375375375e-07,-0.0099803440161389,4.827281332585483e-09,-0.11998156436514343,0.148
5.385385385385385e-07,-0.0099803342640548,5.022323014582239e-09,-0.11997528445188803,0.152
5.395395395395395e-07,-0.0099803245119708,5.2173646945732205e-09,-0.11996875582918307,0.156
5.405405405405405e-07,-0.0099803147598889,5.412406332551368e-09,-0.11996197849705659,0.16
5.415415415415415e-07,-0.0099803050078049,5.60744801259656e-09,-0.11995495245550858,0.164
5.425425425425424e-07,-0.00998029525572,5.802489710585298e-09,-0.11994767770450077,0.168
5.435435435435435e-07,-0.0099802855036357,5.997531396593602e-09,-0.11994015424402935,0.17200000000000001
5.445445445445445e-07,-0.0099802757515525,6.192573060592602e-09,-0.119932382074116,0.176
5.455455455455455e-07,-0.0099802659994685,6.387614740583584e-09,-0.11992436119476456,0.18
5.465465465465465e-07,-0.0099802562473839,6.582656432582105e-09,-0.11991609160595718,0.184
5.475475475475475e-07,-0.0099802464953005,6.777698100565548e-09,-0.1199075733077015,0.188
5.485485485485485e-07,-0.0099802367432159,6.9727397925640686e-09,-0.11989880629999754,0.192
5.495495495495495e-07,-0.0099802269911327,7.167781456563068e-09,-0.11988979058284782,0.196
5.505505505505505e-07,-0.0099802172390496,7.362823118556294e-09,-0.11988052615627148,0.2
5.515515515515515e-07,-0.009980207486965,7.55786481058192e-09,-0.11987101302025066,0.20400000000000001
5.525525525525525e-07,-0.009980197734881,7.752906490572902e-09,-0.11986125117477388,0.20800000000000002
5.535535535535534e-07,-0.0099801879827967,7.947948176581206e-09,-0.11985124061984496,0.212
5.545545545545545e-07,-0.0099801782307121,8.142989868579727e-09,-0.11984098135545627,0.216
5.555555555555555e-07,-0.0099801684786289,8.338031532578727e-09,-0.11983047338162182,0.22
5.565565565565565e-07,-0.0099801587265437,8.533073236584787e-09,-0.11981971669833398,0.224
5.575575575575575e-07,-0.00998014897446,8.728114910558447e-09,-0.11980871130558636,0.228
5.585585585585585e-07,-0.009980139222376,8.923156590576534e-09,-0.11979745720339427,0.232
5.595595595595596e-07,-0.0099801294702905,9.11819830057281e-09,-0.11978595439173474,0.23600000000000002
5.605605605605605e-07,-0.009980119718208,9.313239950558497e-09,-0.11977420287062693,0.24
5.615615615615615e-07,-0.0099801099661237,9.508281636593906e-09,-0.1197622026400861,0.244
5.625625625625625e-07,-0.0099801002140393,9.703323324553774e-09,-0.11974995370008804,0.248
5.635635635635635e-07,-0.009980090461955,9.898365010562078e-09,-0.11973745605063277,0.252
5.645645645645645e-07,-0.0099800807098698,1.0093406714568138e-08,-0.11972470969171006,0.256
5.655655655655655e-07,-0.0099800709577855,1.0288448400549337e-08,-0.11971171462331993,0.26
5.665665665665665e-07,-0.0099800612057027,1.0483490056579451e-08,-0.11969847084549298,0.264
5.675675675675675e-07,-0.0099800514536187,1.0678531736570433e-08,-0.11968497835823301,0.268
5.685685685685685e-07,-0.0099800417015337,1.087357343659205e-08,-0.11967123716151198,0.272
5.695695695695695e-07,-0.0099800319494485,1.1068615140571005e-08,-0.1196572472553146,0.276
5.705705705705706e-07,-0.0099800221973639,1.1263656832569526e-08,-0.11964300863964597,0.28
5.715715715715715e-07,-0.0099800124452808,1.1458698494562752e-08,-0.11962852131453287,0.28400000000000003
5.725725725725725e-07,-0.0099800026931956,1.1653740198568812e-08,-0.11961378527996765,0.28800000000000003
5.735735735735735e-07,-0.0099799929411104,1.1848781902574872e-08,-0.1195988005359235,0.292
5.745745745745745e-07,-0.009979983189027,1.2043823570558315e-08,-0.11958356708242342,0.296
5.755755755755755e-07,-0.0099799734369426,1.2238865258572392e-08,-0.11956808491947758,0.3
5.765765765765766e-07,-0.0099799636848571,1.243390696856867e-08,-0.11955235404705922,0.304
5.775775775775775e-07,-0.009979953932774,1.2628948630561895e-08,-0.1195363744651849,0.308
5.785785785785785e-07,-0.0099799441806894,1.2823990322560416e-08,-0.11952014617386612,0.312
5.795795795795795e-07,-0.0099799344286039,1.3019032032583798e-08,-0.11950366917307224,0.316
5.805805805805805e-07,-0.009979924676519,1.3214073730572536e-08,-0.11948694346279945,0.32
5.815815815815816e-07,-0.0099799149244341,1.3409115428561274e-08,-0.11946996904305542,0.324
5.825825825825826e-07,-0.0099799051723492,1.3604157126577117e-08,-0.11945274591384013,0.328
5.835835835835835e-07,-0.0099798954202646,1.3799198818575638e-08,-0.1194352740751574,0.332
5.845845845845845e-07,-0.0099798856681808,1.3994240494582177e-08,-0.11941755352702127,0.336
5.855855855855855e-07,-0.0099798759160965,1.4189282180563376e-08,-0.11939958426943556,0.34
5.865865865865865e-07,-0.0099798661640122,1.438432386657168e-08,-0.1193813663023939,0.34400000000000003
5.875875875875876e-07,-0.0099798564119273,1.4579365564560418e-08,-0.11936289962588865,0.34800000000000003
5.885885885885885e-07,-0.0099798466598424,1.4774407262576261e-08,-0.11934418423991215,0.352
5.895895895895895e-07,-0.0099798369077575,1.4969448960565e-08,-0.11932522014446438,0.356
5.905905905905905e-07,-0.0099798271556729,1.516449065256352e-08,-0.11930600733954919,0.36
5.915915915915915e-07,-0.0099798174035868,1.5359532374567336e-08,-0.11928654582515126,0.364
5.925925925925926e-07,-0.009979807651501,1.5554574090580935e-08,-0.1192668356012553,0.368
5.935935935935936e-07,-0.0099797978994166,1.5749615778567908e-08,-0.11924687666788297,0.372
5.945945945945945e-07,-0.0099797881473326,1.594465745855889e-08,-0.11922666902505727,0.376
5.955955955955955e-07,-0.0099797783952492,1.6139699126569438e-08,-0.11920621267279091,0.38
5.965965965965965e-07,-0.0099797686431643,1.633474082458528e-08,-0.11918550761107241,0.384
5.975975975975975e-07,-0.0099797588910785,1.652978254059888e-08,-0.11916455383987115,0.388
5.985985985985986e-07,-0.0099797491389924,1.6724824262548486e-08,-0.11914335135917188,0.392
5.995995995995996e-07,-0.0099797393869075,1.691986596056433e-08,-0.11912190016898608,0.396
6.006006006006005e-07,-0.0099797296348238,1.7114907634565094e-08,-0.11910020026934431,0.4
6.016016016016015e-07,-0.0099797198827385,1.7309949340576928e-08,-0.1190782516602415,0.404
6.026026026026025e-07,-0.0099797101306518,1.7504991074588283e-08,-0.11905605434163935,0.40800000000000003
6.036036036036036e-07,-0.0099797003785672,1.7700032766586804e-08,-0.11903360831354681,0.41200000000000003
6.046046046046046e-07,-0.0099796906264838,1.7895074434570247e-08,-0.11901091357600599,0.41600000000000004
6.056056056056056e-07,-0.009979680874398,1.8090116150583846e-08,-0.11898797012900156,0.42
6.066066066066065e-07,-0.0099796711223128,1.8285157854589906e-08,-0.11896477797251057,0.424
6.076076076076075e-07,-0.0099796613702282,1.8480199546588427e-08,-0.1189413371065483,0.428
6.086086086086085e-07,-0.0099796516181427,1.8675241256584704e-08,-0.11891764753111098,0.432
6.096096096096096e-07,-0.0099796418660575,1.8870282960590764e-08,-0.11889370924619092,0.436
6.106106106106106e-07,-0.009979632113972,1.9065324670559936e-08,-0.11886952225178814,0.44
6.116116116116116e-07,-0.0099796223618865,1.9260366380556213e-08,-0.11884508654789883,0.444
6.126126126126125e-07,-0.0099796126098021,1.945540806857029e-08,-0.11882040213453697,0.448
6.136136136136135e-07,-0.0099796028577166,1.9650449778566568e-08,-0.11879546901170258,0.452
6.146146146146146e-07,-0.0099795931056305,1.984549150059749e-08,-0.11877028717937398,0.456
6.156156156156156e-07,-0.0099795833535465,2.004053318058847e-08,-0.11874485663757027,0.46
6.166166166166166e-07,-0.0099795736014601,2.02355749085554e-08,-0.11871917738628769,0.464
6.176176176176175e-07,-0.0099795638493743,2.0430616624568998e-08,-0.11869324942550326,0.468
6.186186186186185e-07,-0.0099795540972903,2.062565830455998e-08,-0.11866707275524757,0.47200000000000003
6.196196196196195e-07,-0.0099795443452039,2.0820700032581118e-08,-0.11864064737551297,0.47600000000000003
6.206206206206206e-07,-0.0099795345931175,2.101574176057515e-08,-0.11861397328626885,0.48
6.216216216216216e-07,-0.0099795248410335,2.1210783440566133e-08,-0.11858705048754584,0.484
6.226226226226226e-07,-0.0099795150889492,2.1405825126574437e-08,-0.11855987897937069,0.488
6.236236236236235e-07,-0.0099795053368631,2.1600866848578253e-08,-0.11853245876171663,0.492
6.246246246246245e-07,-0.0099794955847761,2.179590858855272e-08,-0.11850478983454925,0.496
6.256256256256256e-07,-9.93087073562888,-0.19841780300497347,-126.62576441192927,0.5
6.266266266266266e-07,-9.93087917081971,-0.19841797170879008,-379.6404190115964,0.496
6.276276276276276e-07,-0.0099963659695673,-3.156117872354274e-07,-506.1480013203851,0.492
6.286286286286286e-07,-0.0099963757258296,-3.158069124814121e-07,-506.14840390048096,0.488
6.296296296296295e-07,-0.0099963854820919,-3.1600203772742396e-07,-506.1488067293928,0.484
6.306306306306305e-07,-0.0099963952383518,-3.1619716292543274e-07,-506.1492098071206,0.48
6.316316316316316e-07,-0.0099964049946093,-3.163922880754385e-07,-506.14961313366433,0.476
6.326326326326326e-07,-0.009996414750874,-3.1658741336942626e-07,-506.15001670902404,0.472
6.336336336336336e-07,-0.0099964245071315,-3.16782538519432e-07,-506.15042053319974,0.46799999999999997
6.346346346346346e-07,-0.0099964342633938,-3.1697766376544384e-07,-506.1508246061914,0.46399999999999997
6.356356356356355e-07,-0.0099964440196585,-3.171727890594316e-07,-506.1512289279991,0.46
6.366366366366366e-07,-0.0099964537759161,-3.1736791421141603e-07,-506.1516334986228,0.456
6.376376376376376e-07,-0.0099964635321784,-3.1756303945740076e-07,-506.1520383180624,0.452
6.386386386386386e-07,-0.0099964732884383,-3.1775816465543665e-07,-506.152443386318,0.448
6.396396396396396e-07,-0.0099964830447006,-3.179532899014214e-07,-506.15284870338957,0.444
6.406406406406405e-07,-0.0099964928009605,-3.181484150994302e-07,-506.1532542692771,0.44
6.416416416416415e-07,-0.0099965025572228,-3.18343540345442e-07,-506.15366008398064,0.436
6.426426426426426e-07,-0.0099965123134803,-3.1853866549542064e-07,-506.1540661475001,0.432
6.436436436436436e-07,-0.0099965220697426,-3.187337907414325e-07,-506.1544724598355,0.428
6.446446446446446e-07,-0.0099965318260049,-3.189289159874172e-07,-506.1548790209869,0.424
6.456456456456456e-07,-0.0099965415822625,-3.191240411394287e-07,-506.1552858309543,0.42
6.466466466466465e-07,-0.0099965513385272,-3.193191664334436e-07,-506.1556928897377,0.416
6.476476476476476e-07,-0.0099965610947847,-3.1951429158342225e-07,-506.156100197337,0.41200000000000003
6.486486486486486e-07,-0.009996570851047,-3.197094168294341e-07,-506.1565077537523,0.40800000000000003
6.496496496496496e-07,-0.0099965806073069,-3.1990454202744287e-07,-506.15691555898354,0.404
6.506506506506506e-07,-0.0099965903635692,-3.200996672734276e-07,-506.15732361303077,0.4
6.516516516516516e-07,-0.0099966001198315,-3.2029479251943944e-07,-506.15773191589403,0.396
6.526526526526525e-07,-0.0099966098760914,-3.2048991771744823e-07,-506.1581404675733,0.392
6.536536536536536e-07,-0.009996619632349,-3.2068504286943264e-07,-506.1585492680684,0.388
6.546546546546546e-07,-0.0099966293886137,-3.208801681634204e-07,-506.1589583173795,0.384
6.556556556556556e-07,-0.0099966391448736,-3.210752933614563e-07,-506.1593676155066,0.38
6.566566566566566e-07,-0.0099966489011335,-3.21270418559438e-07,-506.15977716244964,0.376
6.576576576576576e-07,-0.0099966586573982,-3.214655438534258e-07,-506.1601869582087,0.372
6.586586586586586e-07,-0.0099966684136557,-3.216606690034315e-07,-506.1605970027838,0.368
6.596596596596596e-07,-0.009996678169918,-3.2185579424941625e-07,-506.1610072961748,0.364
6.606606606606606e-07,-0.0099966879261755,-3.22050919399422e-07,-506.16141783838174,0.36
6.616616616616616e-07,-0.0099966976824402,-3.222460446934369e-07,-506.1618286294047,0.356
6.626626626626626e-07,-0.0099967074387025,-3.224411699394216e-07,-506.16223966924366,0.352
6.636636636636636e-07,-0.0099967171949625,-3.2263629513943617e-07,-506.1626509578986,0.348
6.646646646646646e-07,-0.0099967269512176,-3.2283142024143886e-07,-506.16306249536945,0.344
6.656656656656656e-07,-0.0099967367074823,-3.2302654553542664e-07,-506.16347428165625,0.33999999999999997
6.666666666666666e-07,-0.0099967464637446,-3.232216707814385e-07,-506.1638863167591,0.33599999999999997
6.676676676676676e-07,-0.0099967562200021,-3.234167959314442e-07,-506.16429860067785,0.33199999999999996
6.686686686686686e-07,-0.0099967659762668,-3.23611921225432e-07,-506.1647111334126,0.32799999999999996
6.696696696696697e-07,-0.0099967757325267,-3.238070464234408e-07,-506.1651239149634,0.324
6.706706706706706e-07,-0.0099967854887867,-3.2400217162342824e-07,-506.1655369453301,0.32
6.716716716716716e-07,-0.0099967952450466,-3.2419729682143703e-07,-506.1659502245127,0.316
6.726726726726726e-07,-0.0099968050013113,-3.243924221154248e-07,-506.16636375251136,0.312
6.736736736736736e-07,-0.0099968147575712,-3.245875473134336e-07,-506.166777529326,0.308
6.746746746746746e-07,-0.0099968245138311,-3.247826725114424e-07,-506.1671915549566,0.304
6.756756756756756e-07,-0.0099968342700886,-3.249777976614481e-07,-506.16760582940316,0.3
6.766766766766766e-07,-0.0099968440263533,-3.251729229554088e-07,-506.1680203526657,0.296
6.776776776776776e-07,-0.0099968537826156,-3.2536804820144775e-07,-506.16843512474424,0.292
6.786786786786786e-07,-0.0099968635388731,-3.255631733514535e-07,-506.1688501456387,0.28800000000000003
6.796796796796796e-07,-0.0099968732951331,-3.2575829855144094e-07,-506.1692654153491,0.28400000000000003
6.806806806806807e-07,-0.009996883051393,-3.2595342374944973e-07,-506.1696809338755,0.28
6.816816816816816e-07,-0.0099968928076529,-3.261485489474314e-07,-506.1700967012178,0.276
6.826826826826826e-07,-0.0099969025639152,-3.2634367419341614e-07,-506.1705127173761,0.272
6.836836836836836e-07,-0.0099969123201775,-3.26538799439428e-07,-506.1709289823504,0.268
6.846846846846846e-07,-0.0099969220764398,-3.267339246854398e-07,-506.1713454961407,0.264
6.856856856856856e-07,-0.0099969318327021,-3.2692904993145166e-07,-506.17176225874704,0.26
6.866866866866867e-07,-0.0099969415889596,-3.271241750814303e-07,-506.1721792701693,0.256
6.876876876876876e-07,-0.0099969513452196,-3.2731930028141775e-07,-506.1725965304075,0.252
6.886886886886886e-07,-0.0099969611014819,-3.275144255274296e-07,-506.17301403946163,0.248
6.896896896896896e-07,-0.0099969708577442,-3.277095507734143e-07,-506.1734317973318,0.244
6.906906906906906e-07,-0.0099969806140041,-3.279046759714231e-07,-506.1738498040179,0.24
6.916916916916917e-07,-0.0099969903702616,-3.2809980112142884e-07,-506.17426805951993,0.236
6.926926926926927e-07,-0.0099970001265263,-3.2829492641544373e-07,-506.17468656383795,0.23199999999999998
6.936936936936936e-07,-0.0099970098827886,-3.2849005166142847e-07,-506.175105316972,0.22799999999999998
6.946946946946946e-07,-0.0099970196390485,-3.2868517685941015e-07,-506.17552431892204,0.22399999999999998
6.956956956956956e-07,-0.0099970293953108,-3.288803021054491e-07,-506.17594356968806,0.21999999999999997
6.966966966966966e-07,-0.0099970391515684,-3.290754272574064e-07,-506.17636306927005,0.21599999999999997
6.976976976976977e-07,-0.0099970489078307,-3.2927055250341823e-07,-506.17678281766797,0.21199999999999997
6.986986986986986e-07,-0.009997058664093,-3.294656777494572e-07,-506.1772028148819,0.20800000000000002
6.996996996996996e-07,-0.0099970684203529,-3.2966080294741175e-07,-506.17762306091186,0.20400000000000001
7.007007007007006e-07,-0.0099970781766128,-3.2985592814544764e-07,-506.1780435557577,0.2
7.017017017017016e-07,-0.0099970879328751,-3.300510533914324e-07,-506.17846429941955,0.196
7.027027027027027e-07,-0.0099970976891326,-3.302461785414381e-07,-506.17888529189736,0.192
7.037037037037037e-07,-0.0099971074453949,-3.3044130378742285e-07,-506.1793065331911,0.188
7.047047047047046e-07,-0.0099971172016549,-3.306364289874103e-07,-506.1797280233008,0.184
7.057057057057056e-07,-0.0099971269579196,-3.308315542814252e-07,-506.1801497622265,0.18
7.067067067067066e-07,-0.0099971367141795,-3.31026679479434e-07,-506.18057174996824,0.176
7.077077077077076e-07,-0.0099971464704394,-3.3122180467741566e-07,-506.1809939865259,0.172
7.087087087087087e-07,-0.0099971562266993,-3.3141692987542445e-07,-506.1814164718995,0.16799999999999998
7.097097097097097e-07,-0.0099971659829592,-3.3161205507343324e-07,-506.1818392060891,0.16399999999999998
7.107107107107106e-07,-0.0099971757392239,-3.31807180367421e-07,-506.1822621890947,0.15999999999999998
7.117117117117116e-07,-0.0099971854954838,-3.320023055654298e-07,-506.18268542091624,0.15599999999999997
7.127127127127126e-07,-0.0099971952517414,-3.321974307174413e-07,-506.18310890155374,0.15199999999999997
7.137137137137137e-07,-0.0099972050080013,-3.32392555915423e-07,-506.18353263100715,0.14800000000000002
7.147147147147147e-07,-0.009997214764266,-3.325876812094379e-07,-506.1839566092766,0.14400000000000002
7.157157157157157e-07,-0.0099972245205283,-3.327828064554226e-07,-506.1843808363621,0.14
7.167167167167166e-07,-0.0099972342767882,-3.329779316534314e-07,-506.18480531226356,0.136
7.177177177177176e-07,-0.0099972440330481,-3.331730568514131e-07,-506.18523003698095,0.132
7.187187187187186e-07,-0.009997253789308,-3.333681820494219e-07,-506.1856550105143,0.128
7.197197197197197e-07,-0.0099972635455703,-3.335633072954337e-07,-506.1860802328636,0.124
7.207207207207207e-07,-0.0099972733018326,-3.3375843254141845e-07,-506.18650570402895,0.12
7.217217217217217e-07,-0.0099972830580925,-3.3395355773942724e-07,-506.18693142401025,0.11599999999999999
7.227227227227226e-07,-0.0099972928143525,-3.341486829394418e-07,-506.1873573928075,0.11199999999999999
7.237237237237236e-07,-0.0099973025706124,-3.343438081374506e-07,-506.1877836104207,0.10799999999999998
7.247247247247247e-07,-0.0099973123268747,-3.345389333834353e-07,-506.1882100768499,0.10399999999999998
7.257257257257257e-07,-0.009997322083137,-3.3473405862944716e-07,-506.18863679209505,0.09999999999999998
7.267267267267267e-07,-0.0099973318393945,-3.349291837794258e-07,-506.1890637561562,0.09599999999999997
7.277277277277276e-07,-0.0099973415956544,-3.351243089774346e-07,-506.1894909690333,0.09199999999999997
7.287287287287286e-07,-0.0099973513519191,-3.3531943427142236e-07,-506.1899184307263,0.08799999999999997
7.297297297297296e-07,-0.0099973611081838,-3.3551455956543725e-07,-506.19034614123547,0.08399999999999996
7.307307307307307e-07,-0.009997370864439,-3.357096846694186e-07,-506.19077410056053,0.08000000000000002
7.317317317317317e-07,-0.0099973806206989,-3.359048098674274e-07,-506.1912023087015,0.07600000000000001
7.327327327327327e-07,-0.0099973903769612,-3.3609993511343923e-07,-506.1916307656585,0.07200000000000001
7.337337337337336e-07,-0.0099974001332235,-3.3629506035942397e-07,-506.19205947143143,0.068
7.347347347347346e-07,-0.0099974098894834,-3.3649018555743275e-07,-506.19248842602036,0.064
7.357357357357357e-07,-0.0099974196457433,-3.3668531075541444e-07,-506.19291762942527,0.06
7.367367367367367e-07,-0.0099974294020032,-3.368804359534232e-07,-506.1933470816461,0.055999999999999994
7.377377377377377e-07,-0.0099974391582679,-3.370755612474381e-07,-506.1937767826829,0.05199999999999999
7.387387387387387e-07,-0.0099974489145302,-3.3727068649344995e-07,-506.1942067325358,0.04799999999999999
7.397397397397396e-07,-0.0099974586707854,-3.374658115974313e-07,-506.19463693120457,0.043999999999999984
7.407407407407406e-07,-0.0099974684270501,-3.376609368914462e-07,-506.1950673786893,0.03999999999999998
7.417417417417417e-07,-0.0099974781833076,-3.3785606204145193e-07,-506.19549807499004,0.035999999999999976
7.427427427427427e-07,-0.0099974879395723,-3.380511873354126e-07,-506.19592902010675,0.03199999999999997
7.437437437437437e-07,-0.0099974976958322,-3.382463125334214e-07,-506.19636021403943,0.02799999999999997
7.447447447447447e-07,-0.0099975074520897,-3.3844143768342713e-07,-506.19679165678804,0.023999999999999966
7.457457457457456e-07,-0.0099975172083544,-3.38636562977442e-07,-506.1972233483526,0.020000000000000018
7.467467467467467e-07,-0.009997526964612,-3.3883168812942643e-07,-506.1976552887332,0.016000000000000014
7.477477477477477e-07,-0.0099975367208719,-3.390268133274352e-07,-506.1980874779297,0.01200000000000001
7.487487487487487e-07,-0.0099975464771389,-3.392219386674474e-07,-506.1985199159422,0.008000000000000007
7.497497497497497e-07,-0.0099975562333989,-3.3941706386743484e-07,-506.19895260277076,0.0040000000000000036
7.507507507507506e-07,-0.0099975659896564,-3.396121890174406e-07,-506.19938553841524,0.0
7.517517517517516e-07,-0.0099975757459187,-3.398073142634253e-07,-506.1998187228757,-0.004
7.527527527527527e-07,-0.0099975855021786,-3.400024394614341e-07,-506.20025215615215,-0.008
7.537537537537537e-07,-0.0099975952584409,-3.4019756470744593e-07,-506.2006858382445,-0.012
7.547547547547547e-07,-0.0099976050147032,-3.4039268995343067e-07,-506.2011197691529,-0.016
7.557557557557557e-07,-0.0099976147709608,-3.405878151054422e-07,-506.20155394887723,-0.02
7.567567567567566e-07,-0.0099976245272231,-3.407829403514269e-07,-506.20198837741754,-0.024
7.577577577577577e-07,-0.009997634283483,-3.409780655494086e-07,-506.2024230547738,-0.028
7.587587587587587e-07,-0.0099976440397453,-3.4117319079544754e-07,-506.2028579809461,-0.032
7.597597597597597e-07,-0.0099976537960052,-3.413683159934292e-07,-506.2032931559343,-0.036000000000000004
7.607607607607607e-07,-0.0099976635522627,-3.4156344114340785e-07,-506.2037285797385,-0.04
7.617617617617617e-07,-0.0099976733085274,-3.4175856643742274e-07,-506.2041642523586,-0.044
7.627627627627626e-07,-0.0099976830647897,-3.419536916834346e-07,-506.2046001737948,-0.048
7.637637637637637e-07,-0.0099976928210496,-3.4214881688144337e-07,-506.20503634404696,-0.052000000000000005
7.647647647647647e-07,-0.0099977025773119,-3.423439421274281e-07,-506.2054727631151,-0.056
7.657657657657657e-07,-0.0099977123335719,-3.4253906732741556e-07,-506.2059094309992,-0.06
7.667667667667667e-07,-0.0099977220898318,-3.4273419252545145e-07,-506.20634634769925,-0.064
7.677677677677677e-07,-0.0099977318460917,-3.42929317723406e-07,-506.20678351321527,-0.068
7.687687687687687e-07,-0.009997741602354,-3.4312444296941786e-07,-506.20722092754727,-0.07200000000000001
7.697697697697697e-07,-0.0099977513586139,-3.4331956816742665e-07,-506.2076585906952,-0.076
7.707707707707707e-07,-0.0099977611148762,-3.435146934134114e-07,-506.2080965026591,-0.08
7.717717717717717e-07,-0.0099977708711361,-3.437098186114473e-07,-506.20853466343897,-0.084
7.727727727727727e-07,-0.0099977806273984,-3.43904943857432e-07,-506.2089730730348,-0.088
7.737737737737737e-07,-0.0099977903836584,-3.4410006905741947e-07,-506.20941173144666,-0.092
7.747747747747747e-07,-0.0099978001399135,-3.4429519415944926e-07,-506.2098506386744,-0.096
7.757757757757757e-07,-0.0099978098961806,-3.444903195014401e-07,-506.21028979471816,-0.1
7.767767767767767e-07,-0.0099978196524405,-3.446854446994489e-07,-506.21072919957794,-0.10400000000000001
7.777777777777777e-07,-0.0099978294087004,-3.4488056989743056e-07,-506.21116885325364,-0.108
7.787787787787787e-07,-0.0099978391649627,-3.450756951434153e-07,-506.2116087557453,-0.112
7.797797797797796e-07,-0.009997848921225,-3.4527082038942713e-07,-506.21204890705303,-0.116
7.807807807807807e-07,-0.0099978586774802,-3.454659454934356e-07,-506.21248930717667,-0.12
7.817817817817817e-07,-0.0099978684337449,-3.456610707874234e-07,-506.2129299561162,-0.124
7.827827827827827e-07,-0.0099978781900072,-3.458561960334081e-07,-506.2133708538718,-0.128
7.837837837837837e-07,-0.0099978879462671,-3.460513212314169e-07,-506.2138120004434,-0.132
7.847847847847847e-07,-0.0099978977025294,-3.4624644647742874e-07,-506.21425339583095,-0.136
7.857857857857857e-07,-0.0099979074587869,-3.4644157162740737e-07,-506.2146950400345,-0.14
7.867867867867867e-07,-0.0099979172150492,-3.466366968734192e-07,-506.21513693305394,-0.14400000000000002
7.877877877877877e-07,-0.0099979269713115,-3.4683182211943104e-07,-506.2155790748894,-0.148
7.887887887887887e-07,-0.0099979367275738,-3.470269473654429e-07,-506.21602146554085,-0.152
7.897897897897897e-07,-0.0099979464838314,-3.472220725174002e-07,-506.21646410500824,-0.156
7.907907907907907e-07,-0.0099979562400937,-3.4741719776343913e-07,-506.2169069932916,-0.16
7.917917917917917e-07,-0.0099979659963512,-3.4761232291344486e-07,-506.2173501303909,-0.164
7.927927927927927e-07,-0.0099979757526159,-3.4780744820740554e-07,-506.2177935163062,-0.168
7.937937937937937e-07,-0.0099979855088758,-3.4800257340544143e-07,-506.2182371510375,-0.17200000000000001
7.947947947947947e-07,-0.0099979952651381,-3.4819769865142617e-07,-506.2186810345848,-0.176
7.957957957957957e-07,-0.0099980050214004,-3.483928238974109e-07,-506.21912516694806,-0.18
7.967967967967968e-07,-0.0099980147776579,-3.4858794904741664e-07,-506.2195695481273,-0.184
7.977977977977977e-07,-0.0099980245339179,-3.487830742474312e-07,-506.2200141781225,-0.188
7.987987987987987e-07,-0.0099980342901802,-3.4897819949344304e-07,-506.22045905693363,-0.192
7.997997997997997e-07,-0.0099980440464401,-3.491733246914247e-07,-506.22090418456077,-0.196
8.008008008008007e-07,-0.0099980538027048,-3.493684499854396e-07,-506.2213495610039,-0.2
8.018018018018017e-07,-0.0099980635589647,-3.495635751834484e-07,-506.221795186263,-0.20400000000000001
8.028028028028028e-07,-0.0099980733152222,-3.4975870033342703e-07,-506.2222410603381,-0.20800000000000002
8.038038038038037e-07,-0.0099980830714845,-3.4995382557943887e-07,-506.2226871832291,-0.212
8.048048048048047e-07,-0.0099980928277444,-3.5014895077742055e-07,-506.22313355493606,-0.216
8.058058058058057e-07,-0.0099981025840067,-3.503440760234324e-07,-506.223580175459,-0.22
8.068068068068067e-07,-0.009998112340269,-3.505392012694442e-07,-506.22402704479794,-0.224
8.078078078078078e-07,-0.0099981220965266,-3.5073432642145574e-07,-506.22447416295284,-0.228
8.088088088088088e-07,-0.0099981318527913,-3.509294517154164e-07,-506.22492152992373,-0.232
8.098098098098097e-07,-0.0099981416090512,-3.511245769134252e-07,-506.2253691457106,-0.23600000000000002
8.108108108108107e-07,-0.0099981513653111,-3.513197021114069e-07,-506.22581701031345,-0.24
8.118118118118117e-07,-0.0099981611215734,-3.5151482735744583e-07,-506.2262651237323,-0.244
8.128128128128127e-07,-0.0099981708778309,-3.5170995250745156e-07,-506.226713485967,-0.248
8.138138138138138e-07,-0.0099981806340909,-3.51905077707439e-07,-506.2271620970177,-0.252
8.148148148148147e-07,-0.0099981903903555,-3.5210020299942103e-07,-506.2276109568844,-0.256
8.158158158158157e-07,-0.0099982001466155,-3.522953281994356e-07,-506.2280600655671,-0.26
8.168168168168167e-07,-0.0099982099028754,-3.524904533974444e-07,-506.22850942306576,-0.264
8.178178178178177e-07,-0.0099982196591401,-3.5268557869140506e-07,-506.2289590293804,-0.268
8.188188188188188e-07,-0.0099982294153976,-3.528807038414379e-07,-506.22940888451103,-0.272
8.198198198198198e-07,-0.0099982391716599,-3.5307582908744974e-07,-506.2298589884576,-0.276
8.208208208208207e-07,-0.0099982489279222,-3.5327095433343447e-07,-506.23030934122016,-0.28
8.218218218218217e-07,-0.0099982586841797,-3.534660794834402e-07,-506.23075994279867,-0.28400000000000003
8.228228228228227e-07,-0.009998268440442,-3.5366120472942494e-07,-506.23121079319316,-0.28800000000000003
8.238238238238237e-07,-0.009998278196702,-3.538563299294124e-07,-506.2316618924036,-0.292
8.248248248248248e-07,-0.0099982879529619,-3.540514551274212e-07,-506.23211324043,-0.296
8.258258258258258e-07,-0.0099982977092218,-3.542465803254571e-07,-506.2325648372724,-0.3
8.268268268268267e-07,-0.0099983074654841,-3.544417055714418e-07,-506.2330166829307,-0.304
8.278278278278277e-07,-0.0099983172217488,-3.546368308654296e-07,-506.2334687774051,-0.308
8.288288288288287e-07,-0.0099983269780087,-3.548319560634384e-07,-506.23392112069547,-0.312
8.298298298298298e-07,-0.0099983367342638,-3.5502708116544107e-07,-506.23437371280176,-0.316
8.308308308308308e-07,-0.0099983464905285,-3.5522220645942885e-07,-506.23482655372396,-0.32
8.318318318318318e-07,-0.0099983562467932,-3.5541733175344374e-07,-506.23527964346226,-0.324
8.328328328328327e-07,-0.0099983660030508,-3.5561245690545525e-07,-506.23573298201654,-0.328
8.338338338338337e-07,-0.0099983757593107,-3.5580758210343694e-07,-506.23618656938675,-0.332
8.348348348348347e-07,-0.009998385515573,-3.5600270734942167e-07,-506.2366404055729,-0.336
8.358358358358358e-07,-0.0099983952718329,-3.5619783254743046e-07,-506.2370944905751,-0.34
8.368368368368368e-07,-0.0099984050280952,-3.563929577934152e-07,-506.2375488243932,-0.34400000000000003
8.378378378378377e-07,-0.0099984147843551,-3.565880829914511e-07,-506.23800340702724,-0.34800000000000003
8.388388388388387e-07,-0.0099984245406174,-3.567832082374358e-07,-506.2384582384773,-0.352
8.398398398398397e-07,-0.0099984342968797,-3.5697833348342055e-07,-506.23891331874336,-0.356
8.408408408408408e-07,-0.0099984440531349,-3.57173458587429e-07,-506.23936864782536,-0.36
8.418418418418418e-07,-0.0099984538093972,-3.5736858383341374e-07,-506.2398242257233,-0.364
8.428428428428428e-07,-0.0099984635656619,-3.5756370912742863e-07,-506.24028005243724,-0.368
8.438438438438437e-07,-0.0099984733219218,-3.577588343254374e-07,-506.2407361279672,-0.372
8.448448448448447e-07,-0.0099984830781817,-3.579539595234191e-07,-506.2411924523131,-0.376
8.458458458458457e-07,-0.0099984928344464,-3.58149084817434e-07,-506.241649025475,-0.38
8.468468468468468e-07,-0.0099985025907015,-3.5834420991940957e-07,-506.2421058474529,-0.384
8.478478478478478e-07,-0.0099985123469638,-3.585393351654485e-07,-506.2425629182467,-0.388
8.488488488488488e-07,-0.0099985221032261,-3.5873446041143325e-07,-506.24302023785646,-0.392
8.498498498498497e-07,-0.0099985318594861,-3.589295856114207e-07,-506.2434778062822,-0.396
8.508508508508507e-07,-0.009998541615746,-3.591247108094566e-07,-506.24393562352395,-0.4
8.518518518518518e-07,-0.0099985513720059,-3.5931983600741117e-07,-506.2443936895816,-0.404
8.528528528528528e-07,-0.0099985611282706,-3.5951496130142606e-07,-506.2448520044553,-0.40800000000000003
8.538538538538538e-07,-0.0099985708845305,-3.5971008649940774e-07,-506.245310568145,-0.41200000000000003
8.548548548548548e-07,-0.009998580640788,-3.599052116494406e-07,-506.2457693806506,-0.41600000000000004
8.558558558558557e-07,-0.0099985903970527,-3.6010033694342837e-07,-506.24622844197216,-0.42
8.568568568568567e-07,-0.0099986001533174,-3.6029546223744326e-07,-506.2466877521098,-0.424
8.578578578578578e-07,-0.0099986099095702,-3.6049058729344867e-07,-506.2471473110633,-0.428
8.588588588588588e-07,-0.0099986196658325,-3.606857125394334e-07,-506.2476071188328,-0.432
8.598598598598598e-07,-0.0099986294220948,-3.6088083778544524e-07,-506.2480671754182,-0.436
8.608608608608608e-07,-0.0099986391783571,-3.6107596303142997e-07,-506.2485274808197,-0.44
8.618618618618617e-07,-0.0099986489346194,-3.612710882774147e-07,-506.24898803503714,-0.444
8.628628628628628e-07,-0.0099986586908745,-3.614662133794445e-07,-506.2494488380705,-0.448
8.638638638638638e-07,-0.0099986684471416,-3.6166133872143533e-07,-506.2499098899199,-0.452
8.648648648648648e-07,-0.0099986782034039,-3.6185646396742007e-07,-506.2503711905853,-0.456
8.658658658658658e-07,-0.0099986879596591,-3.620515890714285e-07,-506.2508327400667,-0.46
8.668668668668667e-07,-0.0099986977159214,-3.6224671431741326e-07,-506.251294538364,-0.464
8.678678678678677e-07,-0.009998707472186,-3.624418396094224e-07,-506.2517565854773,-0.468
8.688688688688688e-07,-0.0099987172284412,-3.6263696471343083e-07,-506.2522188814066,-0.47200000000000003
8.698698698698698e-07,-0.0099987269847035,-3.6283208995944267e-07,-506.25268142615175,-0.47600000000000003
8.708708708708708e-07,-0.0099987367409658,-3.630272152054274e-07,-506.2531442197129,-0.48
8.718718718718718e-07,-0.0099987464972257,-3.632223404034091e-07,-506.25360726209004,-0.484
8.728728728728727e-07,-0.0099987562534856,-3.634174656014179e-07,-506.25407055328316,-0.488
8.738738738738738e-07,-0.0099987660097479,-3.636125908474297e-07,-506.25453409329225,-0.492
8.748748748748748e-07,-0.0099987757660079,-3.6380771604741717e-07,-506.2549978821173,-0.496
8.758758758758758e-07,9.910676318899274,0.19841313808558958,-379.7509305805038,-0.5
8.768768768768768e-07,9.91068475460868,0.1984133067997777,-126.74222449520855,-0.496
8.778778778778778e-07,-0.0099819043492805,-2.6379381499444434e-08,-0.23783448711614597,-0.492
8.788788788788787e-07,-0.0099818945971989,-2.6184339867429398e-08,-0.2378680007070406,-0.488
8.798798798798798e-07,-0.0099818848451167,-2.598929822343393e-08,-0.23790126558854047,-0.484
8.808808808808808e-07,-0.0099818750930374,-2.5794256637443275e-08,-0.23793428176067494,-0.48
8.818818818818818e-07,-0.0099818653409588,-2.559921506543883e-08,-0.2379670492234899,-0.476
8.828828828828828e-07,-0.0099818555888789,-2.5404173467440637e-08,-0.23799956797697772,-0.472
8.838838838838838e-07,-0.0099818458367979,-2.520913184743314e-08,-0.23803183802110775,-0.46799999999999997
8.848848848848848e-07,-0.0099818360847157,-2.501409020343767e-08,-0.2380638593558507,-0.46399999999999997
8.858858858858858e-07,-0.0099818263326346,-2.48190485814244e-08,-0.23809563198120526,-0.46
8.868868868868868e-07,-0.0099818165805542,-2.4624006973424442e-08,-0.2381271558971944,-0.456
8.878878878878878e-07,-0.0099818068284726,-2.442896534143651e-08,-0.23815843110381177,-0.452
8.888888888888888e-07,-0.0099817970763921,-2.423392373143078e-08,-0.23818945760105606,-0.448
8.898898898898897e-07,-0.0099817873243117,-2.4038882123430822e-08,-0.23822023538894257,-0.444
8.908908908908908e-07,-0.0099817775722306,-2.3843840501444656e-08,-0.23825076446746368,-0.44
8.918918918918918e-07,-0.0099817678201502,-2.36487988934447e-08,-0.23828104483661938,-0.436
8.928928928928928e-07,-0.0099817580680692,-2.3453757273437202e-08,-0.23831107649641095,-0.432
8.938938938938938e-07,-0.0099817483159893,-2.3258715675411904e-08,-0.23834085944684472,-0.428
8.948948948948948e-07,-0.0099817385639083,-2.3063674055431513e-08,-0.23837039368792073,-0.424
8.958958958958958e-07,-0.0099817288118273,-2.2868632435424016e-08,-0.23839967921962496,-0.42
8.968968968968968e-07,-0.0099817190597474,-2.2673590837425824e-08,-0.2384287160419714,-0.416
8.978978978978978e-07,-0.0099817093076646,-2.247854918144992e-08,-0.23845750415493716,-0.41200000000000003
8.988988988988988e-07,-0.0099816995555835,-2.2283507559409544e-08,-0.2384860435585069,-0.40800000000000003
8.998998998998998e-07,-0.0099816898035049,-2.2088465987432204e-08,-0.23851433425273413,-0.404
9.009009009009008e-07,-0.0099816800514233,-2.1893424355417168e-08,-0.23854237623761254,-0.4
9.019019019019018e-07,-0.0099816702993404,-2.1698382697408385e-08,-0.23857016951308727,-0.396
9.029029029029028e-07,-0.0099816605472606,-2.1503341101415966e-08,-0.23859771407918126,-0.392
9.039039039039038e-07,-0.0099816507951796,-2.130829948140847e-08,-0.23862500993591879,-0.388
9.049049049049048e-07,-0.0099816410430985,-2.1113257859422304e-08,-0.23865205708328324,-0.384
9.059059059059058e-07,-0.0099816312910175,-2.0918216239414807e-08,-0.23867885552127463,-0.38
9.069069069069068e-07,-0.0099816215389364,-2.0723174617428642e-08,-0.23870540524989295,-0.376
9.079079079079078e-07,-0.009981611786856,-2.0528133009428684e-08,-0.23873170626914586,-0.372
9.089089089089088e-07,-0.0099816020347744,-2.0333091377413648e-08,-0.23875775857902698,-0.368
9.099099099099098e-07,-0.0099815922826927,-2.0138049743419944e-08,-0.2387835621795197,-0.364
9.109109109109108e-07,-0.0099815825306111,-1.9943008111432013e-08,-0.2388091170706241,-0.36
9.119119119119118e-07,-0.0099815727785295,-1.9747966479444082e-08,-0.23883442325234142,-0.356
9.129129129129127e-07,-0.009981563026449,-1.955292486943835e-08,-0.23885948072468566,-0.352
9.139139139139138e-07,-0.0099815532743674,-1.9357883237423315e-08,-0.23888428948765683,-0.348
9.149149149149148e-07,-0.0099815435222864,-1.9162841617442923e-08,-0.23890884954124855,-0.344
9.159159159159158e-07,-0.0099815337702065,-1.8967800019417625e-08,-0.2389331608854825,-0.33999999999999997
9.169169169169168e-07,-0.0099815240181237,-1.8772758363441722e-08,-0.23895722352033574,-0.33599999999999997
9.17917917917918e-07,-0.0099815142660421,-1.8577716731426686e-08,-0.23898103744578658,-0.33199999999999996
9.189189189189189e-07,-0.0099815045139634,-1.838267515744357e-08,-0.2390046026618873,-0.32799999999999996
9.199199199199198e-07,-0.0099814947618824,-1.8187633537436075e-08,-0.23902791916864558,-0.324
9.209209209209208e-07,-0.0099814850098001,-1.799259189143483e-08,-0.23905098696601548,-0.32
9.219219219219218e-07,-0.0099814752577179,-1.7797550247412256e-08,-0.2390738060539817,-0.316
9.229229229229228e-07,-0.0099814655056351,-1.7602508591436352e-08,-0.23909637643253787,-0.312
9.23923923923924e-07,-0.0099814557535529,-1.7407466947440883e-08,-0.239118698101684,-0.308
9.249249249249248e-07,-0.0099814460014736,-1.721242536145023e-08,-0.23914077106146475,-0.304
9.259259259259258e-07,-0.0099814362493926,-1.7017383741442732e-08,-0.23916259531189538,-0.3
9.269269269269268e-07,-0.0099814264973104,-1.6822342097420158e-08,-0.2391841708529389,-0.296
9.279279279279278e-07,-0.0099814167452287,-1.6627300463426453e-08,-0.23920549768458635,-0.292
9.289289289289288e-07,-0.0099814069931465,-1.6432258819458088e-08,-0.23922657580683782,-0.28800000000000003
9.2992992992993e-07,-0.0099813972410661,-1.6237217211431025e-08,-0.23924740521970986,-0.28400000000000003
9.309309309309308e-07,-0.009981387488985,-1.6042175589417755e-08,-0.23926798592321644,-0.28
9.319319319319318e-07,-0.0099813777369034,-1.584713395745693e-08,-0.23928831791734234,-0.276
9.329329329329328e-07,-0.0099813679848206,-1.5652092301426815e-08,-0.23930840120206584,-0.272
9.339339339339338e-07,-0.0099813582327377,-1.5457050643418032e-08,-0.23932823577737034,-0.268
9.349349349349348e-07,-0.0099813484806567,-1.5262009023410536e-08,-0.2393478216432788,-0.264
9.35935935935936e-07,-0.0099813387285757,-1.506696740345725e-08,-0.23936715879981552,-0.26
9.369369369369368e-07,-0.0099813289764946,-1.4871925781416873e-08,-0.23938624724697916,-0.256
9.379379379379378e-07,-0.0099813192244136,-1.4676884161409377e-08,-0.2394050869847697,-0.252
9.389389389389388e-07,-0.0099813094723308,-1.4481842505433473e-08,-0.2394236780131655,-0.248
9.3993993993994e-07,-0.0099812997202491,-1.4286800871439768e-08,-0.23944202033215767,-0.244
9.409409409409408e-07,-0.0099812899681675,-1.4091759239424732e-08,-0.23946011394176145,-0.24
9.41941941941942e-07,-0.0099812802160859,-1.3896717607409697e-08,-0.23947795884197812,-0.236
9.429429429429428e-07,-0.0099812704640036,-1.3701675961435558e-08,-0.23949555503279876,-0.23199999999999998
9.439439439439438e-07,-0.009981260711922,-1.3506634329420522e-08,-0.2395129025142234,-0.22799999999999998
9.449449449449448e-07,-0.0099812509598392,-1.3311592673417513e-08,-0.23953000128624566,-0.22399999999999998
9.45945945945946e-07,-0.0099812412077564,-1.311655101744161e-08,-0.2395468513488502,-0.21999999999999997
9.469469469469468e-07,-0.0099812314556765,-1.2921509419443417e-08,-0.23956345270207405,-0.21599999999999997
9.479479479479478e-07,-0.0099812217035943,-1.2726467775420842e-08,-0.23957980534592482,-0.21199999999999997
9.489489489489488e-07,-0.0099812119515126,-1.2531426141427137e-08,-0.23959590928037958,-0.20800000000000002
9.499499499499498e-07,-0.0099812021994316,-1.233638452141964e-08,-0.2396117645054536,-0.20400000000000001
9.509509509509508e-07,-0.0099811924473482,-1.2141342853436198e-08,-0.23962737102112522,-0.2
9.51951951951952e-07,-0.0099811826952666,-1.1946301221421162e-08,-0.2396427288273868,-0.196
9.529529529529528e-07,-0.0099811729431837,-1.175125956341238e-08,-0.2396578379242447,-0.192
9.53953953953954e-07,-0.0099811631911009,-1.1556217907436475e-08,-0.23967269831168364,-0.188
9.54954954954955e-07,-0.0099811534390223,-1.136117633543203e-08,-0.23968730998975846,-0.184
9.55955955955956e-07,-0.00998114368694,-1.1166134689403681e-08,-0.23970167295847547,-0.18
9.56956956956957e-07,-0.0099811339348554,-1.097109299740516e-08,-0.23971578721775819,-0.176
9.57957957957958e-07,-0.009981124182772,-1.0776051329421717e-08,-0.23972965276759262,-0.172
9.589589589589589e-07,-0.0099811144306916,-1.058100972142176e-08,-0.23974326960803233,-0.16799999999999998
9.599599599599598e-07,-0.0099811046786099,-1.0385968087428055e-08,-0.23975663773909897,-0.16399999999999998
9.609609609609608e-07,-0.0099810949265271,-1.0190926431425046e-08,-0.23976975716076193,-0.15999999999999998
9.619619619619618e-07,-0.0099810851744455,-9.995884799437115e-09,-0.2397826278730225,-0.15599999999999997
9.629629629629628e-07,-0.0099810754223638,-9.800843165416306e-09,-0.2397952498758947,-0.15199999999999997
9.639639639639638e-07,-0.009981065670281,-9.605801509440402e-09,-0.23980762316936324,-0.14800000000000002
9.64964964964965e-07,-0.0099810559181988,-9.410759865444932e-09,-0.23981974775342174,-0.14400000000000002
9.65965965965966e-07,-0.009981046166116,-9.215718209414818e-09,-0.23983162362807017,-0.14
9.66966966966967e-07,-0.0099810364140337,-9.02067656344068e-09,-0.2398432507933073,-0.136
9.67967967967968e-07,-0.0099810266619521,-8.825634931425644e-09,-0.23985462924914838,-0.132
9.689689689689689e-07,-0.0099810169098687,-8.630593263442201e-09,-0.23986575899557944,-0.128
9.6996996996997e-07,-0.0099810071577864,-8.435551617440957e-09,-0.23987664003259154,-0.124
9.709709709709709e-07,-0.0099809974057042,-8.240509973418382e-09,-0.23988727236019994,-0.12
9.719719719719718e-07,-0.009980987653622,-8.045468329450018e-09,-0.23989765597840595,-0.11599999999999999
9.729729729729728e-07,-0.0099809779015415,-7.850426719417181e-09,-0.23990779088723124,-0.11199999999999999
9.739739739739738e-07,-0.0099809681494587,-7.655385063441277e-09,-0.23991767708666817,-0.10799999999999998
9.749749749749748e-07,-0.0099809583973735,-7.460343359435217e-09,-0.2399273145766568,-0.10399999999999998
9.75975975975976e-07,-0.0099809486452931,-7.2653017514352596e-09,-0.23993670335722775,-0.09999999999999998
9.76976976976977e-07,-0.0099809388932096,-7.070260081418938e-09,-0.23994584342840264,-0.09599999999999997
9.77977977977978e-07,-0.0099809291411268,-6.875218425443034e-09,-0.23995473479015092,-0.09199999999999997
9.78978978978979e-07,-0.0099809193890452,-6.680176793427998e-09,-0.23996337744249682,-0.08799999999999997
9.7997997997998e-07,-0.0099809096369624,-6.485135137452094e-09,-0.23997177138544032,-0.08399999999999996
9.809809809809809e-07,-0.0099808998848795,-6.2900934794162065e-09,-0.23997991661896484,-0.08000000000000002
9.81981981981982e-07,-0.0099808901327973,-6.095051835420737e-09,-0.23998781314307802,-0.07600000000000001
9.829829829829828e-07,-0.0099808803807145,-5.900010179444833e-09,-0.23999546095778115,-0.07200000000000001
9.839839839839838e-07,-0.0099808706286317,-5.704968523414719e-09,-0.2400028600630666,-0.068
9.849849849849848e-07,-0.0099808608765506,-5.509926901428553e-09,-0.240010010458956,-0.064
9.859859859859858e-07,-0.009980851124466,-5.3148852094300324e-09,-0.24001691214542648,-0.06
9.86986986986987e-07,-0.0099808413723832,-5.119843553427024e-09,-0.2400235651224563,-0.055999999999999994
9.87987987987988e-07,-0.009980831620301,-4.924801909431554e-09,-0.24002996939007604,-0.05199999999999999
9.88988988988989e-07,-0.0099808218682175,-4.729760239442337e-09,-0.24003612494827684,-0.04799999999999999
9.8998998998999e-07,-0.0099808121161359,-4.534718607427301e-09,-0.24004203179706632,-0.043999999999999984
9.90990990990991e-07,-0.0099808023640537,-4.3396769634589365e-09,-0.24004768993646106,-0.03999999999999998
9.91991991991992e-07,-0.0099807926119697,-4.1446352834137445e-09,-0.24005309936643043,-0.035999999999999976
9.929929929929929e-07,-0.0099807828598862,-3.949593613424528e-09,-0.24005826008695785,-0.03199999999999997
9.93993993993994e-07,-0.0099807731078052,-3.754551993444136e-09,-0.24006317209808165,-0.02799999999999997
9.949949949949948e-07,-0.0099807633557218,-3.559510325406483e-09,-0.240067835399803,-0.023999999999999966
9.959959959959958e-07,-0.0099807536036378,-3.3644686454155012e-09,-0.2400722499920837,-0.020000000000000018
9.969969969969968e-07,-0.0099807438515561,-3.1694270114217965e-09,-0.24007641587494544,-0.016000000000000014
9.97997997997998e-07,-0.0099807340994721,-2.9743853314308146e-09,-0.24008033304838822,-0.01200000000000001
9.98998998998999e-07,-0.0099807243473911,-2.779343711423318e-09,-0.24008400151242096,-0.008000000000000007
1e-06,-0.0099807194713519,-2.6818229274133167e-09,-0.24008748344444142,-0.0040000000000000036
